company,period,product,parent_product,geography,user_class,user_segment,revenue,users,arpu,impressions,clicks,ctr,cpc,cpm,rpm,revenue_per_click,revenue_per_impression
Alphabet,2024-Q3,Search,Advertising,US,advertiser,enterprise_advertiser,12672.000000000002,178207656.31966949,,100571428571.4286,4525714285.714287,0.045,2.8,125.99999999999997,125.99999999999997,2.8,0.12599999999999997
Alphabet,2024-Q3,Search,Advertising,US,advertiser,smb_advertiser,8063.999999999999,276664096.99931294,,164571428571.42856,5760000000.0,0.035,1.4,48.99999999999999,48.99999999999999,1.4,0.048999999999999995
Alphabet,2024-Q3,Search,Advertising,US,advertiser,agency_advertiser,2304.0,56663486.54658237,,28800000000.0,1152000000.0,0.04,2.0,80.0,80.0,2.0,0.08
Alphabet,2024-Q3,Search,Advertising,EU,advertiser,enterprise_advertiser,5808.000000000001,54222445.85055365,,46095238095.23811,2074285714.2857149,0.045,2.8,125.99999999999997,125.99999999999997,2.8,0.12599999999999997
Alphabet,2024-Q3,Search,Advertising,EU,advertiser,smb_advertiser,3695.9999999999995,82159255.99999107,,75428571428.57143,2640000000.0,0.035,1.4,48.99999999999999,48.99999999999999,1.4,0.048999999999999995
Alphabet,2024-Q3,Search,Advertising,EU,advertiser,agency_advertiser,1056.0,15264557.672771376,,13200000000.0,528000000.0,0.04,2.0,80.0,80.0,2.0,0.08
Alphabet,2024-Q3,Search,Advertising,APAC,advertiser,enterprise_advertiser,4752.0,43852179.28486675,,37714285714.28572,1697142857.1428573,0.045,2.8,125.99999999999997,125.99999999999997,2.8,0.12599999999999997
Alphabet,2024-Q3,Search,Advertising,APAC,advertiser,smb_advertiser,3024.0,59476161.91562755,,61714285714.285706,2160000000.0,0.035,1.4,49.00000000000001,49.00000000000001,1.4,0.04900000000000001
Alphabet,2024-Q3,Search,Advertising,APAC,advertiser,agency_advertiser,864.0,21541009.940612473,,10800000000.0,432000000.0,0.04,2.0,80.0,80.0,2.0,0.08
Alphabet,2024-Q3,Search,Advertising,LATAM,advertiser,enterprise_advertiser,1320.0,22805492.969909444,,10476190476.190477,471428571.42857146,0.045,2.8,125.99999999999997,125.99999999999997,2.8,0.12599999999999997
Alphabet,2024-Q3,Search,Advertising,LATAM,advertiser,smb_advertiser,840.0,17344494.859898727,,17142857142.857141,600000000.0,0.035,1.4,49.0,49.0,1.4,0.049
Alphabet,2024-Q3,Search,Advertising,LATAM,advertiser,agency_advertiser,240.0,5103535.333693058,,3000000000.0,120000000.0,0.04,2.0,80.0,80.0,2.0,0.08
Alphabet,2024-Q3,Search,Advertising,ROW,advertiser,enterprise_advertiser,1848.0000000000005,21408258.324310873,,14666666666.666672,660000000.0000002,0.045,2.8,126.0,126.0,2.8,0.126
Alphabet,2024-Q3,Search,Advertising,ROW,advertiser,smb_advertiser,1176.0,32314854.011710618,,23999999999.999996,840000000.0,0.035,1.4,49.00000000000001,49.00000000000001,1.4,0.04900000000000001
Alphabet,2024-Q3,Search,Advertising,ROW,advertiser,agency_advertiser,336.00000000000006,5904319.568519526,,4200000000.0000005,168000000.00000003,0.04,2.0,80.0,80.0,2.0,0.08
Alphabet,2024-Q3,YouTube_Ads,Advertising,US,advertiser,enterprise_advertiser,2128.5,33807252.46556072,,16892857142.857143,760178571.4285715,0.045,2.8,126.0,126.0,2.8,0.126
Alphabet,2024-Q3,YouTube_Ads,Advertising,US,advertiser,smb_advertiser,1354.5,28956239.10109761,,27642857142.857143,967500000.0000001,0.035,1.4,49.0,49.0,1.4,0.049
Alphabet,2024-Q3,YouTube_Ads,Advertising,US,advertiser,agency_advertiser,387.0,5873641.091093046,,4837500000.0,193500000.0,0.04,2.0,80.0,80.0,2.0,0.08
Alphabet,2024-Q3,YouTube_Ads,Advertising,EU,advertiser,enterprise_advertiser,946.0000000000001,12208666.022531936,,7507936507.93651,337857142.8571429,0.045,2.8,125.99999999999997,125.99999999999997,2.8,0.12599999999999997
Alphabet,2024-Q3,YouTube_Ads,Advertising,EU,advertiser,smb_advertiser,602.0,10765017.545090538,,12285714285.714285,430000000.0,0.035,1.4,49.0,49.0,1.4,0.049
Alphabet,2024-Q3,YouTube_Ads,Advertising,EU,advertiser,agency_advertiser,172.0,2170801.3360951855,,2150000000.0,86000000.0,0.04,2.0,80.0,80.0,2.0,0.08
Alphabet,2024-Q3,YouTube_Ads,Advertising,APAC,advertiser,enterprise_advertiser,1040.6000000000001,11258770.891434934,,8258730158.73016,371642857.1428572,0.045,2.8,126.0,126.0,2.8,0.126
Alphabet,2024-Q3,YouTube_Ads,Advertising,APAC,advertiser,smb_advertiser,662.1999999999999,14006956.554680802,,13514285714.285711,472999999.99999994,0.035,1.4,49.0,49.0,1.4,0.049
Alphabet,2024-Q3,YouTube_Ads,Advertising,APAC,advertiser,agency_advertiser,189.20000000000002,3405520.2247864264,,2365000000.0000005,94600000.00000001,0.04,2.0,80.0,80.0,2.0,0.08
Alphabet,2024-Q3,YouTube_Ads,Advertising,LATAM,advertiser,enterprise_advertiser,283.8,2943881.1896255943,,2252380952.380953,101357142.85714287,0.045,2.8,125.99999999999997,125.99999999999997,2.8,0.12599999999999997
Alphabet,2024-Q3,YouTube_Ads,Advertising,LATAM,advertiser,smb_advertiser,180.6,4228525.73002929,,3685714285.714286,129000000.00000001,0.035,1.4,48.99999999999999,48.99999999999999,1.4,0.048999999999999995
Alphabet,2024-Q3,YouTube_Ads,Advertising,LATAM,advertiser,agency_advertiser,51.6,984551.0390588605,,645000000.0,25800000.0,0.04,2.0,80.0,80.0,2.0,0.08
Alphabet,2024-Q3,YouTube_Ads,Advertising,ROW,advertiser,enterprise_advertiser,331.1000000000001,3129154.8389551183,,2627777777.7777786,118250000.00000003,0.045,2.8,125.99999999999997,125.99999999999997,2.8,0.12599999999999997
Alphabet,2024-Q3,YouTube_Ads,Advertising,ROW,advertiser,smb_advertiser,210.70000000000002,3890812.144565121,,4300000000.0,150500000.00000003,0.035,1.4,49.00000000000001,49.00000000000001,1.4,0.04900000000000001
Alphabet,2024-Q3,YouTube_Ads,Advertising,ROW,advertiser,agency_advertiser,60.20000000000002,1108414.5853864523,,752500000.0000001,30100000.000000007,0.04,2.0,80.0,80.0,2.0,0.08
Alphabet,2024-Q3,Network,Advertising,US,advertiser,enterprise_advertiser,1650.0000000000002,22289861.550015252,,13095238095.238098,589285714.2857144,0.045,2.8,126.0,126.0,2.8,0.126
Alphabet,2024-Q3,Network,Advertising,US,advertiser,smb_advertiser,1050.0,23521294.166508216,,21428571428.571426,750000000.0,0.035,1.4,49.0,49.0,1.4,0.049
Alphabet,2024-Q3,Network,Advertising,US,advertiser,agency_advertiser,300.0,5605753.100066214,,3750000000.0,150000000.0,0.04,2.0,80.0,80.0,2.0,0.08
Alphabet,2024-Q3,Network,Advertising,EU,advertiser,enterprise_advertiser,1031.25,9742066.569277497,,8184523809.52381,368303571.42857146,0.045,2.8,125.99999999999997,125.99999999999997,2.8,0.12599999999999997
Alphabet,2024-Q3,Network,Advertising,EU,advertiser,smb_advertiser,656.25,19099013.95183966,,13392857142.857141,468750000.0,0.035,1.4,49.0,49.0,1.4,0.049
Alphabet,2024-Q3,Network,Advertising,EU,advertiser,agency_advertiser,187.5,2887837.0650887936,,2343750000.0,93750000.0,0.04,2.0,80.0,80.0,2.0,0.08
Alphabet,2024-Q3,Network,Advertising,APAC,advertiser,enterprise_advertiser,825.0000000000001,8038736.203101172,,6547619047.619049,294642857.1428572,0.045,2.8,126.0,126.0,2.8,0.126
Alphabet,2024-Q3,Network,Advertising,APAC,advertiser,smb_advertiser,525.0,10491868.254493736,,10714285714.285713,375000000.0,0.035,1.4,49.0,49.0,1.4,0.049
Alphabet,2024-Q3,Network,Advertising,APAC,advertiser,agency_advertiser,150.0,3025732.17469694,,1875000000.0,75000000.0,0.04,2.0,80.0,80.0,2.0,0.08
Alphabet,2024-Q3,Network,Advertising,LATAM,advertiser,enterprise_advertiser,330.0,5566819.4665840175,,2619047619.0476193,117857142.85714287,0.045,2.8,125.99999999999997,125.99999999999997,2.8,0.12599999999999997
Alphabet,2024-Q3,Network,Advertising,LATAM,advertiser,smb_advertiser,210.0,5613280.618493903,,4285714285.7142854,150000000.0,0.035,1.4,49.0,49.0,1.4,0.049
Alphabet,2024-Q3,Network,Advertising,LATAM,advertiser,agency_advertiser,60.0,1304030.9274138622,,750000000.0,30000000.0,0.04,2.0,80.0,80.0,2.0,0.08
Alphabet,2024-Q3,Network,Advertising,ROW,advertiser,enterprise_advertiser,288.75,2870444.98885234,,2291666666.666667,103125000.0,0.045,2.8,125.99999999999997,125.99999999999997,2.8,0.12599999999999997
Alphabet,2024-Q3,Network,Advertising,ROW,advertiser,smb_advertiser,183.75,5332581.60011099,,3750000000.0,131250000.00000001,0.035,1.4,49.0,49.0,1.4,0.049
Alphabet,2024-Q3,Network,Advertising,ROW,advertiser,agency_advertiser,52.5,1247598.3125741319,,656250000.0,26250000.0,0.04,2.0,80.0,80.0,2.0,0.08
Alphabet,2024-Q3,Cloud,Cloud,US,customer,enterprise,3300.0,6600.0,500000.0,,,,,,,,
Alphabet,2024-Q3,Cloud,Cloud,US,customer,midmarket,1375.0,2750.0,500000.0,,,,,,,,
Alphabet,2024-Q3,Cloud,Cloud,US,customer,smb,825.0,1650.0,500000.0,,,,,,,,
Alphabet,2024-Q3,Cloud,Cloud,EU,customer,enterprise,1200.0,2400.0,500000.0,,,,,,,,
Alphabet,2024-Q3,Cloud,Cloud,EU,customer,midmarket,500.0,1000.0,500000.0,,,,,,,,
Alphabet,2024-Q3,Cloud,Cloud,EU,customer,smb,300.0,600.0,500000.0,,,,,,,,
Alphabet,2024-Q3,Cloud,Cloud,APAC,customer,enterprise,1080.0,2160.0,500000.0,,,,,,,,
Alphabet,2024-Q3,Cloud,Cloud,APAC,customer,midmarket,450.0,900.0,500000.0,,,,,,,,
Alphabet,2024-Q3,Cloud,Cloud,APAC,customer,smb,270.0,540.0,500000.0,,,,,,,,
Alphabet,2024-Q3,Cloud,Cloud,LATAM,customer,enterprise,180.0,360.0,500000.0,,,,,,,,
Alphabet,2024-Q3,Cloud,Cloud,LATAM,customer,midmarket,75.0,150.0,500000.0,,,,,,,,
Alphabet,2024-Q3,Cloud,Cloud,LATAM,customer,smb,45.0,90.0,500000.0,,,,,,,,
Alphabet,2024-Q3,Cloud,Cloud,ROW,customer,enterprise,240.0,480.0,500000.0,,,,,,,,
Alphabet,2024-Q3,Cloud,Cloud,ROW,customer,midmarket,100.0,200.0,500000.0,,,,,,,,
Alphabet,2024-Q3,Cloud,Cloud,ROW,customer,smb,60.0,120.0,500000.0,,,,,,,,
Alphabet,2024-Q3,Subscriptions,Subscriptions_Devices,US,consumer,paying_consumer,1924.9999999999998,96249.99999999999,20000.0,,,,,,,,
Alphabet,2024-Q3,Subscriptions,Subscriptions_Devices,US,consumer,streaming_consumer,550.0,27500.0,20000.0,,,,,,,,
Alphabet,2024-Q3,Subscriptions,Subscriptions_Devices,US,consumer,free_consumer,55.0,2750.0,20000.0,,,,,,,,
Alphabet,2024-Q3,Subscriptions,Subscriptions_Devices,EU,consumer,paying_consumer,962.4999999999999,48124.99999999999,20000.0,,,,,,,,
Alphabet,2024-Q3,Subscriptions,Subscriptions_Devices,EU,consumer,streaming_consumer,275.0,13750.0,20000.0,,,,,,,,
Alphabet,2024-Q3,Subscriptions,Subscriptions_Devices,EU,consumer,free_consumer,27.5,1375.0,20000.0,,,,,,,,
Alphabet,2024-Q3,Subscriptions,Subscriptions_Devices,APAC,consumer,paying_consumer,577.5,28875.0,20000.0,,,,,,,,
Alphabet,2024-Q3,Subscriptions,Subscriptions_Devices,APAC,consumer,streaming_consumer,165.0,8250.0,20000.0,,,,,,,,
Alphabet,2024-Q3,Subscriptions,Subscriptions_Devices,APAC,consumer,free_consumer,16.5,825.0,20000.0,,,,,,,,
Alphabet,2024-Q3,Subscriptions,Subscriptions_Devices,LATAM,consumer,paying_consumer,192.5,9625.0,20000.0,,,,,,,,
Alphabet,2024-Q3,Subscriptions,Subscriptions_Devices,LATAM,consumer,streaming_consumer,55.0,2750.0,20000.0,,,,,,,,
Alphabet,2024-Q3,Subscriptions,Subscriptions_Devices,LATAM,consumer,free_consumer,5.5,275.0,20000.0,,,,,,,,
Alphabet,2024-Q3,Subscriptions,Subscriptions_Devices,ROW,consumer,paying_consumer,192.5,9625.0,20000.0,,,,,,,,
Alphabet,2024-Q3,Subscriptions,Subscriptions_Devices,ROW,consumer,streaming_consumer,55.0,2750.0,20000.0,,,,,,,,
Alphabet,2024-Q3,Subscriptions,Subscriptions_Devices,ROW,consumer,free_consumer,5.5,275.0,20000.0,,,,,,,,
Alphabet,2024-Q3,Devices,Subscriptions_Devices,US,consumer,paying_consumer,940.8,47040.0,20000.0,,,,,,,,
Alphabet,2024-Q3,Devices,Subscriptions_Devices,US,consumer,streaming_consumer,268.8,13440.0,20000.0,,,,,,,,
Alphabet,2024-Q3,Devices,Subscriptions_Devices,US,consumer,free_consumer,26.88,1344.0,20000.0,,,,,,,,
Alphabet,2024-Q3,Devices,Subscriptions_Devices,EU,consumer,paying_consumer,627.2,31360.000000000004,19999.999999999996,,,,,,,,
Alphabet,2024-Q3,Devices,Subscriptions_Devices,EU,consumer,streaming_consumer,179.20000000000005,8960.000000000002,20000.000000000004,,,,,,,,
Alphabet,2024-Q3,Devices,Subscriptions_Devices,EU,consumer,free_consumer,17.92,896.0000000000001,19999.999999999996,,,,,,,,
Alphabet,2024-Q3,Devices,Subscriptions_Devices,APAC,consumer,paying_consumer,448.0,22400.0,20000.0,,,,,,,,
Alphabet,2024-Q3,Devices,Subscriptions_Devices,APAC,consumer,streaming_consumer,128.0,6400.0,20000.0,,,,,,,,
Alphabet,2024-Q3,Devices,Subscriptions_Devices,APAC,consumer,free_consumer,12.8,640.0,20000.0,,,,,,,,
Alphabet,2024-Q3,Devices,Subscriptions_Devices,LATAM,consumer,paying_consumer,112.0,5600.0,20000.0,,,,,,,,
Alphabet,2024-Q3,Devices,Subscriptions_Devices,LATAM,consumer,streaming_consumer,32.0,1600.0,20000.0,,,,,,,,
Alphabet,2024-Q3,Devices,Subscriptions_Devices,LATAM,consumer,free_consumer,3.2,160.0,20000.0,,,,,,,,
Alphabet,2024-Q3,Devices,Subscriptions_Devices,ROW,consumer,paying_consumer,112.0,5600.0,20000.0,,,,,,,,
Alphabet,2024-Q3,Devices,Subscriptions_Devices,ROW,consumer,streaming_consumer,32.0,1600.0,20000.0,,,,,,,,
Alphabet,2024-Q3,Devices,Subscriptions_Devices,ROW,consumer,free_consumer,3.2,160.0,20000.0,,,,,,,,
Alphabet,2024-Q3,Other,Other,US,consumer,paying_consumer,125.99999999999999,6299.999999999999,20000.0,,,,,,,,
Alphabet,2024-Q3,Other,Other,US,consumer,streaming_consumer,36.0,1800.0,20000.0,,,,,,,,
Alphabet,2024-Q3,Other,Other,US,consumer,free_consumer,3.6,180.0,20000.0,,,,,,,,
Alphabet,2024-Q3,Other,Other,EU,consumer,paying_consumer,42.0,2100.0,20000.0,,,,,,,,
Alphabet,2024-Q3,Other,Other,EU,consumer,streaming_consumer,12.0,600.0,20000.0,,,,,,,,
Alphabet,2024-Q3,Other,Other,EU,consumer,free_consumer,1.2,60.0,20000.0,,,,,,,,
Alphabet,2024-Q3,Other,Other,APAC,consumer,paying_consumer,31.499999999999996,1574.9999999999998,20000.0,,,,,,,,
Alphabet,2024-Q3,Other,Other,APAC,consumer,streaming_consumer,9.0,450.0,20000.0,,,,,,,,
Alphabet,2024-Q3,Other,Other,APAC,consumer,free_consumer,0.9,45.0,20000.0,,,,,,,,
Alphabet,2024-Q3,Other,Other,LATAM,consumer,paying_consumer,6.3,315.0,20000.0,,,,,,,,
Alphabet,2024-Q3,Other,Other,LATAM,consumer,streaming_consumer,1.8,90.0,20000.0,,,,,,,,
Alphabet,2024-Q3,Other,Other,LATAM,consumer,free_consumer,0.18,9.0,20000.0,,,,,,,,
Alphabet,2024-Q3,Other,Other,ROW,consumer,paying_consumer,4.199999999999999,209.99999999999997,20000.0,,,,,,,,
Alphabet,2024-Q3,Other,Other,ROW,consumer,streaming_consumer,1.2000000000000002,60.00000000000001,20000.0,,,,,,,,
Alphabet,2024-Q3,Other,Other,ROW,consumer,free_consumer,0.12,6.0,20000.0,,,,,,,,
Alphabet,2024-Q4,Search,Advertising,US,advertiser,enterprise_advertiser,13728.000000000002,163709858.1994105,,108952380952.38097,4902857142.857143,0.045,2.8,126.0,126.0,2.8,0.126
Alphabet,2024-Q4,Search,Advertising,US,advertiser,smb_advertiser,8736.0,204013286.57444027,,178285714285.71426,6240000000.0,0.035,1.4,49.00000000000001,49.00000000000001,1.4,0.04900000000000001
Alphabet,2024-Q4,Search,Advertising,US,advertiser,agency_advertiser,2496.0,34942602.56147068,,31200000000.0,1248000000.0,0.04,2.0,80.0,80.0,2.0,0.08
Alphabet,2024-Q4,Search,Advertising,EU,advertiser,enterprise_advertiser,6292.000000000001,64778441.655271366,,49936507936.50795,2247142857.1428576,0.045,2.8,125.99999999999997,125.99999999999997,2.8,0.12599999999999997
Alphabet,2024-Q4,Search,Advertising,EU,advertiser,smb_advertiser,4003.9999999999995,83569877.09173436,,81714285714.2857,2860000000.0,0.035,1.4,49.0,49.0,1.4,0.049
Alphabet,2024-Q4,Search,Advertising,EU,advertiser,agency_advertiser,1144.0,14802855.31454345,,14300000000.0,572000000.0,0.04,2.0,80.0,80.0,2.0,0.08
Alphabet,2024-Q4,Search,Advertising,APAC,advertiser,enterprise_advertiser,5148.0,53168171.012882024,,40857142857.14286,1838571428.5714288,0.045,2.8,126.0,126.0,2.8,0.126
Alphabet,2024-Q4,Search,Advertising,APAC,advertiser,smb_advertiser,3276.0,60702784.8219634,,66857142857.14285,2340000000.0,0.035,1.4,49.0,49.0,1.4,0.049
Alphabet,2024-Q4,Search,Advertising,APAC,advertiser,agency_advertiser,936.0,11890689.864184393,,11700000000.0,468000000.0,0.04,2.0,80.0,80.0,2.0,0.08
Alphabet,2024-Q4,Search,Advertising,LATAM,advertiser,enterprise_advertiser,1430.0000000000002,13702063.193086492,,11349206349.206352,510714285.71428585,0.045,2.8,126.0,126.0,2.8,0.126
Alphabet,2024-Q4,Search,Advertising,LATAM,advertiser,smb_advertiser,909.9999999999999,16404240.54307731,,18571428571.42857,650000000.0,0.035,1.4,48.99999999999999,48.99999999999999,1.4,0.048999999999999995
Alphabet,2024-Q4,Search,Advertising,LATAM,advertiser,agency_advertiser,260.0,3321053.644474714,,3250000000.0,130000000.0,0.04,2.0,80.0,80.0,2.0,0.08
Alphabet,2024-Q4,Search,Advertising,ROW,advertiser,enterprise_advertiser,2002.0000000000005,18123024.336604163,,15888888888.888895,715000000.0000002,0.045,2.8,125.99999999999997,125.99999999999997,2.8,0.12599999999999997
Alphabet,2024-Q4,Search,Advertising,ROW,advertiser,smb_advertiser,1274.0,24074894.9678623,,25999999999.999996,910000000.0,0.035,1.4,49.00000000000001,49.00000000000001,1.4,0.04900000000000001
Alphabet,2024-Q4,Search,Advertising,ROW,advertiser,agency_advertiser,364.00000000000006,4993486.990684369,,4550000000.000001,182000000.00000003,0.04,2.0,80.0,80.0,2.0,0.08
Alphabet,2024-Q4,YouTube_Ads,Advertising,US,advertiser,enterprise_advertiser,2376.0,34428354.236305036,,18857142857.14286,848571428.5714287,0.045,2.8,125.99999999999997,125.99999999999997,2.8,0.12599999999999997
Alphabet,2024-Q4,YouTube_Ads,Advertising,US,advertiser,smb_advertiser,1512.0,29968689.733262252,,30857142857.142853,1080000000.0,0.035,1.4,49.00000000000001,49.00000000000001,1.4,0.04900000000000001
Alphabet,2024-Q4,YouTube_Ads,Advertising,US,advertiser,agency_advertiser,432.0,5614676.7156568775,,5400000000.0,216000000.0,0.04,2.0,80.0,80.0,2.0,0.08
Alphabet,2024-Q4,YouTube_Ads,Advertising,EU,advertiser,enterprise_advertiser,1056.0,12253376.59860312,,8380952380.952382,377142857.1428572,0.045,2.8,125.99999999999997,125.99999999999997,2.8,0.12599999999999997
Alphabet,2024-Q4,YouTube_Ads,Advertising,EU,advertiser,smb_advertiser,672.0,16634866.01309147,,13714285714.285715,480000000.00000006,0.035,1.4,48.99999999999999,48.99999999999999,1.4,0.048999999999999995
Alphabet,2024-Q4,YouTube_Ads,Advertising,EU,advertiser,agency_advertiser,192.0,2485736.3837574427,,2400000000.0,96000000.0,0.04,2.0,80.0,80.0,2.0,0.08
Alphabet,2024-Q4,YouTube_Ads,Advertising,APAC,advertiser,enterprise_advertiser,1161.6000000000001,11976202.622643648,,9219047619.047623,414857142.857143,0.045,2.8,125.99999999999997,125.99999999999997,2.8,0.12599999999999997
Alphabet,2024-Q4,YouTube_Ads,Advertising,APAC,advertiser,smb_advertiser,739.1999999999999,16353095.574330997,,15085714285.714283,527999999.99999994,0.035,1.4,49.0,49.0,1.4,0.049
Alphabet,2024-Q4,YouTube_Ads,Advertising,APAC,advertiser,agency_advertiser,211.20000000000002,5134361.948700151,,2640000000.0000005,105600000.00000001,0.04,2.0,80.0,80.0,2.0,0.08
Alphabet,2024-Q4,YouTube_Ads,Advertising,LATAM,advertiser,enterprise_advertiser,316.8,5568099.318875022,,2514285714.2857146,113142857.14285715,0.045,2.8,125.99999999999997,125.99999999999997,2.8,0.12599999999999997
Alphabet,2024-Q4,YouTube_Ads,Advertising,LATAM,advertiser,smb_advertiser,201.6,4095677.2915450037,,4114285714.2857137,144000000.0,0.035,1.4,49.00000000000001,49.00000000000001,1.4,0.04900000000000001
Alphabet,2024-Q4,YouTube_Ads,Advertising,LATAM,advertiser,agency_advertiser,57.6,951903.2862655171,,720000000.0,28800000.0,0.04,2.0,80.0,80.0,2.0,0.08
Alphabet,2024-Q4,YouTube_Ads,Advertising,ROW,advertiser,enterprise_advertiser,369.6000000000001,6190890.498888122,,2933333333.333334,132000000.00000003,0.045,2.8,126.0,126.0,2.8,0.126
Alphabet,2024-Q4,YouTube_Ads,Advertising,ROW,advertiser,smb_advertiser,235.20000000000002,4561951.431731684,,4800000000.0,168000000.00000003,0.035,1.4,49.00000000000001,49.00000000000001,1.4,0.04900000000000001
Alphabet,2024-Q4,YouTube_Ads,Advertising,ROW,advertiser,agency_advertiser,67.20000000000002,1574965.5346840394,,840000000.0000001,33600000.00000001,0.04,2.0,80.0,80.0,2.0,0.08
Alphabet,2024-Q4,Network,Advertising,US,advertiser,enterprise_advertiser,1716.0000000000002,21424095.860818233,,13619047619.04762,612857142.8571429,0.045,2.8,126.0,126.0,2.8,0.126
Alphabet,2024-Q4,Network,Advertising,US,advertiser,smb_advertiser,1092.0,19836606.575742874,,22285714285.714283,780000000.0,0.035,1.4,49.00000000000001,49.00000000000001,1.4,0.04900000000000001
Alphabet,2024-Q4,Network,Advertising,US,advertiser,agency_advertiser,312.0,4992856.878959549,,3900000000.0,156000000.0,0.04,2.0,80.0,80.0,2.0,0.08
Alphabet,2024-Q4,Network,Advertising,EU,advertiser,enterprise_advertiser,1072.5,15424144.56278117,,8511904761.904763,383035714.2857143,0.045,2.8,125.99999999999997,125.99999999999997,2.8,0.12599999999999997
Alphabet,2024-Q4,Network,Advertising,EU,advertiser,smb_advertiser,682.5,12909678.240657186,,13928571428.571428,487500000.00000006,0.035,1.4,49.0,49.0,1.4,0.049
Alphabet,2024-Q4,Network,Advertising,EU,advertiser,agency_advertiser,195.0,3976769.3744462947,,2437500000.0,97500000.0,0.04,2.0,80.0,80.0,2.0,0.08
Alphabet,2024-Q4,Network,Advertising,APAC,advertiser,enterprise_advertiser,858.0000000000001,11892465.105013756,,6809523809.52381,306428571.42857146,0.045,2.8,126.0,126.0,2.8,0.126
Alphabet,2024-Q4,Network,Advertising,APAC,advertiser,smb_advertiser,546.0,12294128.010995341,,11142857142.857141,390000000.0,0.035,1.4,49.00000000000001,49.00000000000001,1.4,0.04900000000000001
Alphabet,2024-Q4,Network,Advertising,APAC,advertiser,agency_advertiser,156.0,2509506.360502281,,1950000000.0,78000000.0,0.04,2.0,80.0,80.0,2.0,0.08
Alphabet,2024-Q4,Network,Advertising,LATAM,advertiser,enterprise_advertiser,343.20000000000005,3927373.1970636197,,2723809523.8095245,122571428.5714286,0.045,2.8,126.0,126.0,2.8,0.126
Alphabet,2024-Q4,Network,Advertising,LATAM,advertiser,smb_advertiser,218.39999999999998,6053920.808377411,,4457142857.142857,156000000.0,0.035,1.4,49.0,49.0,1.4,0.049
Alphabet,2024-Q4,Network,Advertising,LATAM,advertiser,agency_advertiser,62.400000000000006,1104114.9678680508,,780000000.0000001,31200000.000000004,0.04,2.0,80.0,80.0,2.0,0.08
Alphabet,2024-Q4,Network,Advertising,ROW,advertiser,enterprise_advertiser,300.3,3296943.5559587074,,2383333333.3333335,107250000.0,0.045,2.8,126.0,126.0,2.8,0.126
Alphabet,2024-Q4,Network,Advertising,ROW,advertiser,smb_advertiser,191.1,3483782.2918558237,,3899999999.9999995,136500000.0,0.035,1.4,49.00000000000001,49.00000000000001,1.4,0.04900000000000001
Alphabet,2024-Q4,Network,Advertising,ROW,advertiser,agency_advertiser,54.6,996783.7031515258,,682500000.0,27300000.0,0.04,2.0,80.0,80.0,2.0,0.08
Alphabet,2024-Q4,Cloud,Cloud,US,customer,enterprise,3630.0000000000005,7260.000000000001,500000.0,,,,,,,,
Alphabet,2024-Q4,Cloud,Cloud,US,customer,midmarket,1512.5000000000002,3025.0000000000005,500000.0,,,,,,,,
Alphabet,2024-Q4,Cloud,Cloud,US,customer,smb,907.5000000000001,1815.0000000000002,500000.0,,,,,,,,
Alphabet,2024-Q4,Cloud,Cloud,EU,customer,enterprise,1320.0,2640.0,500000.0,,,,,,,,
Alphabet,2024-Q4,Cloud,Cloud,EU,customer,midmarket,550.0,1100.0,500000.0,,,,,,,,
Alphabet,2024-Q4,Cloud,Cloud,EU,customer,smb,330.0,660.0,500000.0,,,,,,,,
Alphabet,2024-Q4,Cloud,Cloud,APAC,customer,enterprise,1188.0,2376.0,500000.0,,,,,,,,
Alphabet,2024-Q4,Cloud,Cloud,APAC,customer,midmarket,495.0,990.0,500000.0,,,,,,,,
Alphabet,2024-Q4,Cloud,Cloud,APAC,customer,smb,297.0,594.0,500000.0,,,,,,,,
Alphabet,2024-Q4,Cloud,Cloud,LATAM,customer,enterprise,198.0,396.0,500000.0,,,,,,,,
Alphabet,2024-Q4,Cloud,Cloud,LATAM,customer,midmarket,82.5,165.0,500000.0,,,,,,,,
Alphabet,2024-Q4,Cloud,Cloud,LATAM,customer,smb,49.5,99.0,500000.0,,,,,,,,
Alphabet,2024-Q4,Cloud,Cloud,ROW,customer,enterprise,264.0,528.0,500000.0,,,,,,,,
Alphabet,2024-Q4,Cloud,Cloud,ROW,customer,midmarket,110.0,220.0,500000.0,,,,,,,,
Alphabet,2024-Q4,Cloud,Cloud,ROW,customer,smb,66.0,132.0,500000.0,,,,,,,,
Alphabet,2024-Q4,Subscriptions,Subscriptions_Devices,US,consumer,paying_consumer,2100.0,105000.0,20000.0,,,,,,,,
Alphabet,2024-Q4,Subscriptions,Subscriptions_Devices,US,consumer,streaming_consumer,600.0,30000.0,20000.0,,,,,,,,
Alphabet,2024-Q4,Subscriptions,Subscriptions_Devices,US,consumer,free_consumer,60.0,3000.0,20000.0,,,,,,,,
Alphabet,2024-Q4,Subscriptions,Subscriptions_Devices,EU,consumer,paying_consumer,1050.0,52500.0,20000.0,,,,,,,,
Alphabet,2024-Q4,Subscriptions,Subscriptions_Devices,EU,consumer,streaming_consumer,300.0,15000.0,20000.0,,,,,,,,
Alphabet,2024-Q4,Subscriptions,Subscriptions_Devices,EU,consumer,free_consumer,30.0,1500.0,20000.0,,,,,,,,
Alphabet,2024-Q4,Subscriptions,Subscriptions_Devices,APAC,consumer,paying_consumer,630.0,31500.0,20000.0,,,,,,,,
Alphabet,2024-Q4,Subscriptions,Subscriptions_Devices,APAC,consumer,streaming_consumer,180.0,9000.0,20000.0,,,,,,,,
Alphabet,2024-Q4,Subscriptions,Subscriptions_Devices,APAC,consumer,free_consumer,18.0,900.0,20000.0,,,,,,,,
Alphabet,2024-Q4,Subscriptions,Subscriptions_Devices,LATAM,consumer,paying_consumer,210.0,10500.0,20000.0,,,,,,,,
Alphabet,2024-Q4,Subscriptions,Subscriptions_Devices,LATAM,consumer,streaming_consumer,60.0,3000.0,20000.0,,,,,,,,
Alphabet,2024-Q4,Subscriptions,Subscriptions_Devices,LATAM,consumer,free_consumer,6.0,300.0,20000.0,,,,,,,,
Alphabet,2024-Q4,Subscriptions,Subscriptions_Devices,ROW,consumer,paying_consumer,210.0,10500.0,20000.0,,,,,,,,
Alphabet,2024-Q4,Subscriptions,Subscriptions_Devices,ROW,consumer,streaming_consumer,60.0,3000.0,20000.0,,,,,,,,
Alphabet,2024-Q4,Subscriptions,Subscriptions_Devices,ROW,consumer,free_consumer,6.0,300.0,20000.0,,,,,,,,
Alphabet,2024-Q4,Devices,Subscriptions_Devices,US,consumer,paying_consumer,1323.0,66150.0,20000.0,,,,,,,,
Alphabet,2024-Q4,Devices,Subscriptions_Devices,US,consumer,streaming_consumer,378.0,18900.0,20000.0,,,,,,,,
Alphabet,2024-Q4,Devices,Subscriptions_Devices,US,consumer,free_consumer,37.800000000000004,1890.0000000000002,20000.0,,,,,,,,
Alphabet,2024-Q4,Devices,Subscriptions_Devices,EU,consumer,paying_consumer,882.0000000000001,44100.00000000001,20000.0,,,,,,,,
Alphabet,2024-Q4,Devices,Subscriptions_Devices,EU,consumer,streaming_consumer,252.00000000000006,12600.000000000004,20000.0,,,,,,,,
Alphabet,2024-Q4,Devices,Subscriptions_Devices,EU,consumer,free_consumer,25.200000000000006,1260.0000000000002,20000.000000000004,,,,,,,,
Alphabet,2024-Q4,Devices,Subscriptions_Devices,APAC,consumer,paying_consumer,630.0,31500.0,20000.0,,,,,,,,
Alphabet,2024-Q4,Devices,Subscriptions_Devices,APAC,consumer,streaming_consumer,180.0,9000.0,20000.0,,,,,,,,
Alphabet,2024-Q4,Devices,Subscriptions_Devices,APAC,consumer,free_consumer,18.0,900.0,20000.0,,,,,,,,
Alphabet,2024-Q4,Devices,Subscriptions_Devices,LATAM,consumer,paying_consumer,157.5,7875.0,20000.0,,,,,,,,
Alphabet,2024-Q4,Devices,Subscriptions_Devices,LATAM,consumer,streaming_consumer,45.0,2250.0,20000.0,,,,,,,,
Alphabet,2024-Q4,Devices,Subscriptions_Devices,LATAM,consumer,free_consumer,4.5,225.0,20000.0,,,,,,,,
Alphabet,2024-Q4,Devices,Subscriptions_Devices,ROW,consumer,paying_consumer,157.5,7875.0,20000.0,,,,,,,,
Alphabet,2024-Q4,Devices,Subscriptions_Devices,ROW,consumer,streaming_consumer,45.0,2250.0,20000.0,,,,,,,,
Alphabet,2024-Q4,Devices,Subscriptions_Devices,ROW,consumer,free_consumer,4.5,225.0,20000.0,,,,,,,,
Alphabet,2024-Q4,Other,Other,US,consumer,paying_consumer,147.0,7350.0,20000.0,,,,,,,,
Alphabet,2024-Q4,Other,Other,US,consumer,streaming_consumer,42.0,2100.0,20000.0,,,,,,,,
Alphabet,2024-Q4,Other,Other,US,consumer,free_consumer,4.2,210.0,20000.0,,,,,,,,
Alphabet,2024-Q4,Other,Other,EU,consumer,paying_consumer,49.0,2450.0,20000.0,,,,,,,,
Alphabet,2024-Q4,Other,Other,EU,consumer,streaming_consumer,14.0,700.0,20000.0,,,,,,,,
Alphabet,2024-Q4,Other,Other,EU,consumer,free_consumer,1.4000000000000001,70.0,20000.000000000004,,,,,,,,
Alphabet,2024-Q4,Other,Other,APAC,consumer,paying_consumer,36.75,1837.5,20000.0,,,,,,,,
Alphabet,2024-Q4,Other,Other,APAC,consumer,streaming_consumer,10.5,525.0,20000.0,,,,,,,,
Alphabet,2024-Q4,Other,Other,APAC,consumer,free_consumer,1.05,52.5,20000.0,,,,,,,,
Alphabet,2024-Q4,Other,Other,LATAM,consumer,paying_consumer,7.35,367.5,20000.0,,,,,,,,
Alphabet,2024-Q4,Other,Other,LATAM,consumer,streaming_consumer,2.1,105.0,20000.0,,,,,,,,
Alphabet,2024-Q4,Other,Other,LATAM,consumer,free_consumer,0.21,10.5,20000.0,,,,,,,,
Alphabet,2024-Q4,Other,Other,ROW,consumer,paying_consumer,4.8999999999999995,244.99999999999997,20000.0,,,,,,,,
Alphabet,2024-Q4,Other,Other,ROW,consumer,streaming_consumer,1.4000000000000001,70.0,20000.000000000004,,,,,,,,
Alphabet,2024-Q4,Other,Other,ROW,consumer,free_consumer,0.14,7.000000000000001,19999.999999999996,,,,,,,,
Alphabet,2025-Q1,Search,Advertising,US,advertiser,enterprise_advertiser,13384.800000000001,167169269.74970016,,106228571428.57146,4780285714.285715,0.045,2.8,125.99999999999997,125.99999999999997,2.8,0.12599999999999997
Alphabet,2025-Q1,Search,Advertising,US,advertiser,smb_advertiser,8517.6,204318831.7093442,,173828571428.5714,6084000000.0,0.035,1.4,49.0,49.0,1.4,0.049
Alphabet,2025-Q1,Search,Advertising,US,advertiser,agency_advertiser,2433.6,30782271.599493053,,30420000000.0,1216800000.0,0.04,2.0,80.0,80.0,2.0,0.08
Alphabet,2025-Q1,Search,Advertising,EU,advertiser,enterprise_advertiser,6134.700000000001,83697595.63266598,,48688095238.09525,2190964285.7142863,0.045,2.8,125.99999999999997,125.99999999999997,2.8,0.12599999999999997
Alphabet,2025-Q1,Search,Advertising,EU,advertiser,smb_advertiser,3903.8999999999996,109797575.24114673,,79671428571.42856,2788500000.0,0.035,1.4,49.0,49.0,1.4,0.049
Alphabet,2025-Q1,Search,Advertising,EU,advertiser,agency_advertiser,1115.4,14966828.193532119,,13942500000.0,557700000.0,0.04,2.0,80.0,80.0,2.0,0.08
Alphabet,2025-Q1,Search,Advertising,APAC,advertiser,enterprise_advertiser,5019.3,59330092.78370892,,39835714285.71429,1792607142.857143,0.045,2.8,126.0,126.0,2.8,0.126
Alphabet,2025-Q1,Search,Advertising,APAC,advertiser,smb_advertiser,3194.1,84858560.04194736,,65185714285.71428,2281500000.0,0.035,1.4,49.0,49.0,1.4,0.049
Alphabet,2025-Q1,Search,Advertising,APAC,advertiser,agency_advertiser,912.6,11436564.036616744,,11407500000.0,456300000.0,0.04,2.0,80.0,80.0,2.0,0.08
Alphabet,2025-Q1,Search,Advertising,LATAM,advertiser,enterprise_advertiser,1394.25,21051036.475299604,,11065476190.47619,497946428.5714286,0.045,2.8,126.0,126.0,2.8,0.126
Alphabet,2025-Q1,Search,Advertising,LATAM,advertiser,smb_advertiser,887.25,16854173.535379622,,18107142857.142857,633750000.0,0.035,1.4,49.0,49.0,1.4,0.049
Alphabet,2025-Q1,Search,Advertising,LATAM,advertiser,agency_advertiser,253.5,3496869.2917462727,,3168750000.0,126750000.0,0.04,2.0,80.0,80.0,2.0,0.08
Alphabet,2025-Q1,Search,Advertising,ROW,advertiser,enterprise_advertiser,1951.9500000000005,17798206.382150058,,15491666666.666672,697125000.0000002,0.045,2.8,126.0,126.0,2.8,0.126
Alphabet,2025-Q1,Search,Advertising,ROW,advertiser,smb_advertiser,1242.15,23036903.041036934,,25349999999.999996,887250000.0,0.035,1.4,49.00000000000001,49.00000000000001,1.4,0.04900000000000001
Alphabet,2025-Q1,Search,Advertising,ROW,advertiser,agency_advertiser,354.9000000000001,5075079.419912753,,4436250000.000001,177450000.00000006,0.04,2.0,80.00000000000001,80.00000000000001,2.0,0.08000000000000002
Alphabet,2025-Q1,YouTube_Ads,Advertising,US,advertiser,enterprise_advertiser,2202.75,31539850.249227457,,17482142857.14286,786696428.5714287,0.045,2.8,125.99999999999997,125.99999999999997,2.8,0.12599999999999997
Alphabet,2025-Q1,YouTube_Ads,Advertising,US,advertiser,smb_advertiser,1401.75,43866506.932508014,,28607142857.142857,1001250000.0000001,0.035,1.4,49.0,49.0,1.4,0.049
Alphabet,2025-Q1,YouTube_Ads,Advertising,US,advertiser,agency_advertiser,400.5,5995286.943478863,,5006250000.0,200250000.0,0.04,2.0,80.0,80.0,2.0,0.08
Alphabet,2025-Q1,YouTube_Ads,Advertising,EU,advertiser,enterprise_advertiser,979.0000000000001,14979734.35993524,,7769841269.841271,349642857.1428572,0.045,2.8,126.0,126.0,2.8,0.126
Alphabet,2025-Q1,YouTube_Ads,Advertising,EU,advertiser,smb_advertiser,623.0,15943451.715526916,,12714285714.285713,445000000.0,0.035,1.4,49.0,49.0,1.4,0.049
Alphabet,2025-Q1,YouTube_Ads,Advertising,EU,advertiser,agency_advertiser,178.0,2329530.986740492,,2225000000.0,89000000.0,0.04,2.0,80.0,80.0,2.0,0.08
Alphabet,2025-Q1,YouTube_Ads,Advertising,APAC,advertiser,enterprise_advertiser,1076.9,12183944.47024633,,8546825396.8253975,384607142.85714287,0.045,2.8,126.0,126.0,2.8,0.126
Alphabet,2025-Q1,YouTube_Ads,Advertising,APAC,advertiser,smb_advertiser,685.3,20496097.288278826,,13985714285.714287,489500000.00000006,0.035,1.4,48.99999999999999,48.99999999999999,1.4,0.048999999999999995
Alphabet,2025-Q1,YouTube_Ads,Advertising,APAC,advertiser,agency_advertiser,195.8,3207685.8672495913,,2447500000.0,97900000.0,0.04,2.0,80.0,80.0,2.0,0.08
Alphabet,2025-Q1,YouTube_Ads,Advertising,LATAM,advertiser,enterprise_advertiser,293.70000000000005,4816301.958816168,,2330952380.9523816,104892857.14285716,0.045,2.8,126.0,126.0,2.8,0.126
Alphabet,2025-Q1,YouTube_Ads,Advertising,LATAM,advertiser,smb_advertiser,186.89999999999998,3367907.6711696144,,3814285714.2857137,133499999.99999999,0.035,1.4,49.0,49.0,1.4,0.049
Alphabet,2025-Q1,YouTube_Ads,Advertising,LATAM,advertiser,agency_advertiser,53.400000000000006,849563.279681317,,667500000.0000001,26700000.000000004,0.04,2.0,80.0,80.0,2.0,0.08
Alphabet,2025-Q1,YouTube_Ads,Advertising,ROW,advertiser,enterprise_advertiser,342.6500000000001,3451754.5805285457,,2719444444.4444456,122375000.00000004,0.045,2.8,126.0,126.0,2.8,0.126
Alphabet,2025-Q1,YouTube_Ads,Advertising,ROW,advertiser,smb_advertiser,218.05000000000004,3936528.8219463485,,4450000000.0,155750000.00000003,0.035,1.4,49.00000000000001,49.00000000000001,1.4,0.04900000000000001
Alphabet,2025-Q1,YouTube_Ads,Advertising,ROW,advertiser,agency_advertiser,62.30000000000001,979639.8273164908,,778750000.0000001,31150000.000000007,0.04,2.0,80.0,80.0,2.0,0.08
Alphabet,2025-Q1,Network,Advertising,US,advertiser,enterprise_advertiser,1628.0000000000002,24481043.943038,,12920634920.634924,581428571.4285716,0.045,2.8,125.99999999999997,125.99999999999997,2.8,0.12599999999999997
Alphabet,2025-Q1,Network,Advertising,US,advertiser,smb_advertiser,1036.0,22122218.71370153,,21142857142.85714,740000000.0,0.035,1.4,49.00000000000001,49.00000000000001,1.4,0.04900000000000001
Alphabet,2025-Q1,Network,Advertising,US,advertiser,agency_advertiser,296.0,6191912.132378502,,3700000000.0,148000000.0,0.04,2.0,80.0,80.0,2.0,0.08
Alphabet,2025-Q1,Network,Advertising,EU,advertiser,enterprise_advertiser,1017.5000000000001,11340156.404238267,,8075396825.396827,363392857.1428572,0.045,2.8,126.0,126.0,2.8,0.126
Alphabet,2025-Q1,Network,Advertising,EU,advertiser,smb_advertiser,647.5,11783901.280524885,,13214285714.285713,462500000.0,0.035,1.4,49.0,49.0,1.4,0.049
Alphabet,2025-Q1,Network,Advertising,EU,advertiser,agency_advertiser,185.0,4313298.349466243,,2312500000.0,92500000.0,0.04,2.0,80.0,80.0,2.0,0.08
Alphabet,2025-Q1,Network,Advertising,APAC,advertiser,enterprise_advertiser,814.0000000000001,8334232.724017736,,6460317460.317462,290714285.7142858,0.045,2.8,125.99999999999997,125.99999999999997,2.8,0.12599999999999997
Alphabet,2025-Q1,Network,Advertising,APAC,advertiser,smb_advertiser,518.0,15714899.571972674,,10571428571.42857,370000000.0,0.035,1.4,49.00000000000001,49.00000000000001,1.4,0.04900000000000001
Alphabet,2025-Q1,Network,Advertising,APAC,advertiser,agency_advertiser,148.0,2665577.8971398766,,1850000000.0,74000000.0,0.04,2.0,80.0,80.0,2.0,0.08
Alphabet,2025-Q1,Network,Advertising,LATAM,advertiser,enterprise_advertiser,325.6,3368880.1100474433,,2584126984.1269846,116285714.2857143,0.045,2.8,125.99999999999997,125.99999999999997,2.8,0.12599999999999997
Alphabet,2025-Q1,Network,Advertising,LATAM,advertiser,smb_advertiser,207.2,6802921.9193489505,,4228571428.5714283,148000000.0,0.035,1.4,49.0,49.0,1.4,0.049
Alphabet,2025-Q1,Network,Advertising,LATAM,advertiser,agency_advertiser,59.2,1060862.1577587684,,740000000.0,29600000.0,0.04,2.0,80.0,80.0,2.0,0.08
Alphabet,2025-Q1,Network,Advertising,ROW,advertiser,enterprise_advertiser,284.90000000000003,3455477.033463337,,2261111111.1111116,101750000.00000003,0.045,2.8,126.0,126.0,2.8,0.126
Alphabet,2025-Q1,Network,Advertising,ROW,advertiser,smb_advertiser,181.29999999999998,3385405.074631831,,3699999999.999999,129499999.99999999,0.035,1.4,49.0,49.0,1.4,0.049
Alphabet,2025-Q1,Network,Advertising,ROW,advertiser,agency_advertiser,51.800000000000004,733330.0000274944,,647500000.0000001,25900000.000000004,0.04,2.0,80.0,80.0,2.0,0.08
Alphabet,2025-Q1,Cloud,Cloud,US,customer,enterprise,3960.0000000000005,7920.000000000001,500000.0,,,,,,,,
Alphabet,2025-Q1,Cloud,Cloud,US,customer,midmarket,1650.0000000000002,3300.0000000000005,500000.0,,,,,,,,
Alphabet,2025-Q1,Cloud,Cloud,US,customer,smb,990.0000000000001,1980.0000000000002,500000.0,,,,,,,,
Alphabet,2025-Q1,Cloud,Cloud,EU,customer,enterprise,1440.0,2880.0,500000.0,,,,,,,,
Alphabet,2025-Q1,Cloud,Cloud,EU,customer,midmarket,600.0,1200.0,500000.0,,,,,,,,
Alphabet,2025-Q1,Cloud,Cloud,EU,customer,smb,360.0,720.0,500000.0,,,,,,,,
Alphabet,2025-Q1,Cloud,Cloud,APAC,customer,enterprise,1296.0,2592.0,500000.0,,,,,,,,
Alphabet,2025-Q1,Cloud,Cloud,APAC,customer,midmarket,540.0,1080.0,500000.0,,,,,,,,
Alphabet,2025-Q1,Cloud,Cloud,APAC,customer,smb,324.0,648.0,500000.0,,,,,,,,
Alphabet,2025-Q1,Cloud,Cloud,LATAM,customer,enterprise,216.0,432.0,500000.0,,,,,,,,
Alphabet,2025-Q1,Cloud,Cloud,LATAM,customer,midmarket,90.0,180.0,500000.0,,,,,,,,
Alphabet,2025-Q1,Cloud,Cloud,LATAM,customer,smb,54.0,108.0,500000.0,,,,,,,,
Alphabet,2025-Q1,Cloud,Cloud,ROW,customer,enterprise,288.0,576.0,500000.0,,,,,,,,
Alphabet,2025-Q1,Cloud,Cloud,ROW,customer,midmarket,120.0,240.0,500000.0,,,,,,,,
Alphabet,2025-Q1,Cloud,Cloud,ROW,customer,smb,72.0,144.0,500000.0,,,,,,,,
Alphabet,2025-Q1,Subscriptions,Subscriptions_Devices,US,consumer,paying_consumer,2170.0,108500.0,20000.0,,,,,,,,
Alphabet,2025-Q1,Subscriptions,Subscriptions_Devices,US,consumer,streaming_consumer,620.0,31000.0,20000.0,,,,,,,,
Alphabet,2025-Q1,Subscriptions,Subscriptions_Devices,US,consumer,free_consumer,62.0,3100.0,20000.0,,,,,,,,
Alphabet,2025-Q1,Subscriptions,Subscriptions_Devices,EU,consumer,paying_consumer,1085.0,54250.0,20000.0,,,,,,,,
Alphabet,2025-Q1,Subscriptions,Subscriptions_Devices,EU,consumer,streaming_consumer,310.0,15500.0,20000.0,,,,,,,,
Alphabet,2025-Q1,Subscriptions,Subscriptions_Devices,EU,consumer,free_consumer,31.0,1550.0,20000.0,,,,,,,,
Alphabet,2025-Q1,Subscriptions,Subscriptions_Devices,APAC,consumer,paying_consumer,651.0,32550.0,20000.0,,,,,,,,
Alphabet,2025-Q1,Subscriptions,Subscriptions_Devices,APAC,consumer,streaming_consumer,186.0,9300.0,20000.0,,,,,,,,
Alphabet,2025-Q1,Subscriptions,Subscriptions_Devices,APAC,consumer,free_consumer,18.6,930.0000000000001,19999.999999999996,,,,,,,,
Alphabet,2025-Q1,Subscriptions,Subscriptions_Devices,LATAM,consumer,paying_consumer,217.0,10850.0,20000.0,,,,,,,,
Alphabet,2025-Q1,Subscriptions,Subscriptions_Devices,LATAM,consumer,streaming_consumer,62.0,3100.0,20000.0,,,,,,,,
Alphabet,2025-Q1,Subscriptions,Subscriptions_Devices,LATAM,consumer,free_consumer,6.2,310.0,20000.0,,,,,,,,
Alphabet,2025-Q1,Subscriptions,Subscriptions_Devices,ROW,consumer,paying_consumer,217.0,10850.0,20000.0,,,,,,,,
Alphabet,2025-Q1,Subscriptions,Subscriptions_Devices,ROW,consumer,streaming_consumer,62.0,3100.0,20000.0,,,,,,,,
Alphabet,2025-Q1,Subscriptions,Subscriptions_Devices,ROW,consumer,free_consumer,6.2,310.0,20000.0,,,,,,,,
Alphabet,2025-Q1,Devices,Subscriptions_Devices,US,consumer,paying_consumer,882.0,44100.0,20000.0,,,,,,,,
Alphabet,2025-Q1,Devices,Subscriptions_Devices,US,consumer,streaming_consumer,252.0,12600.0,20000.0,,,,,,,,
Alphabet,2025-Q1,Devices,Subscriptions_Devices,US,consumer,free_consumer,25.2,1260.0,20000.0,,,,,,,,
Alphabet,2025-Q1,Devices,Subscriptions_Devices,EU,consumer,paying_consumer,588.0,29400.0,20000.0,,,,,,,,
Alphabet,2025-Q1,Devices,Subscriptions_Devices,EU,consumer,streaming_consumer,168.00000000000003,8400.000000000002,20000.0,,,,,,,,
Alphabet,2025-Q1,Devices,Subscriptions_Devices,EU,consumer,free_consumer,16.800000000000004,840.0000000000002,20000.0,,,,,,,,
Alphabet,2025-Q1,Devices,Subscriptions_Devices,APAC,consumer,paying_consumer,420.0,21000.0,20000.0,,,,,,,,
Alphabet,2025-Q1,Devices,Subscriptions_Devices,APAC,consumer,streaming_consumer,120.0,6000.0,20000.0,,,,,,,,
Alphabet,2025-Q1,Devices,Subscriptions_Devices,APAC,consumer,free_consumer,12.0,600.0,20000.0,,,,,,,,
Alphabet,2025-Q1,Devices,Subscriptions_Devices,LATAM,consumer,paying_consumer,105.0,5250.0,20000.0,,,,,,,,
Alphabet,2025-Q1,Devices,Subscriptions_Devices,LATAM,consumer,streaming_consumer,30.0,1500.0,20000.0,,,,,,,,
Alphabet,2025-Q1,Devices,Subscriptions_Devices,LATAM,consumer,free_consumer,3.0,150.0,20000.0,,,,,,,,
Alphabet,2025-Q1,Devices,Subscriptions_Devices,ROW,consumer,paying_consumer,105.0,5250.0,20000.0,,,,,,,,
Alphabet,2025-Q1,Devices,Subscriptions_Devices,ROW,consumer,streaming_consumer,30.0,1500.0,20000.0,,,,,,,,
Alphabet,2025-Q1,Devices,Subscriptions_Devices,ROW,consumer,free_consumer,3.0,150.0,20000.0,,,,,,,,
Alphabet,2025-Q1,Other,Other,US,consumer,paying_consumer,168.0,8400.0,20000.0,,,,,,,,
Alphabet,2025-Q1,Other,Other,US,consumer,streaming_consumer,48.0,2400.0,20000.0,,,,,,,,
Alphabet,2025-Q1,Other,Other,US,consumer,free_consumer,4.8,240.0,20000.0,,,,,,,,
Alphabet,2025-Q1,Other,Other,EU,consumer,paying_consumer,56.0,2800.0,20000.0,,,,,,,,
Alphabet,2025-Q1,Other,Other,EU,consumer,streaming_consumer,16.0,800.0,20000.0,,,,,,,,
Alphabet,2025-Q1,Other,Other,EU,consumer,free_consumer,1.6,80.0,20000.0,,,,,,,,
Alphabet,2025-Q1,Other,Other,APAC,consumer,paying_consumer,42.0,2100.0,20000.0,,,,,,,,
Alphabet,2025-Q1,Other,Other,APAC,consumer,streaming_consumer,12.0,600.0,20000.0,,,,,,,,
Alphabet,2025-Q1,Other,Other,APAC,consumer,free_consumer,1.2,60.0,20000.0,,,,,,,,
Alphabet,2025-Q1,Other,Other,LATAM,consumer,paying_consumer,8.399999999999999,419.99999999999994,20000.0,,,,,,,,
Alphabet,2025-Q1,Other,Other,LATAM,consumer,streaming_consumer,2.4000000000000004,120.00000000000001,20000.0,,,,,,,,
Alphabet,2025-Q1,Other,Other,LATAM,consumer,free_consumer,0.24,12.0,20000.0,,,,,,,,
Alphabet,2025-Q1,Other,Other,ROW,consumer,paying_consumer,5.6,280.0,20000.0,,,,,,,,
Alphabet,2025-Q1,Other,Other,ROW,consumer,streaming_consumer,1.6,80.0,20000.0,,,,,,,,
Alphabet,2025-Q1,Other,Other,ROW,consumer,free_consumer,0.16,8.0,20000.0,,,,,,,,
Alphabet,2025-Q2,Search,Advertising,US,advertiser,enterprise_advertiser,14306.160000000002,130139914.39786512,,113540952380.95241,5109342857.1428585,0.045,2.8,125.99999999999997,125.99999999999997,2.8,0.12599999999999997
Alphabet,2025-Q2,Search,Advertising,US,advertiser,smb_advertiser,9103.92,180541353.8717399,,185794285714.2857,6502800000.0,0.035,1.4,49.0,49.0,1.4,0.049
Alphabet,2025-Q2,Search,Advertising,US,advertiser,agency_advertiser,2601.1200000000003,43900448.40211918,,32514000000.000004,1300560000.0000002,0.04,2.0,80.0,80.0,2.0,0.08
Alphabet,2025-Q2,Search,Advertising,EU,advertiser,enterprise_advertiser,6556.99,73050620.52947745,,52039603174.60318,2341782142.857143,0.045,2.8,126.0,126.0,2.8,0.126
Alphabet,2025-Q2,Search,Advertising,EU,advertiser,smb_advertiser,4172.629999999999,90037220.3835212,,85155714285.71426,2980449999.9999995,0.035,1.4,49.0,49.0,1.4,0.049
Alphabet,2025-Q2,Search,Advertising,EU,advertiser,agency_advertiser,1192.18,15574355.366503501,,14902250000.0,596090000.0,0.04,2.0,80.0,80.0,2.0,0.08
Alphabet,2025-Q2,Search,Advertising,APAC,advertiser,enterprise_advertiser,5364.8099999999995,52207517.39153979,,42577857142.85714,1916003571.4285712,0.045,2.8,126.0,126.0,2.8,0.126
Alphabet,2025-Q2,Search,Advertising,APAC,advertiser,smb_advertiser,3413.9699999999993,88237223.80721605,,69672857142.85713,2438550000.0,0.035,1.4,49.0,49.0,1.4,0.049
Alphabet,2025-Q2,Search,Advertising,APAC,advertiser,agency_advertiser,975.42,18396575.49600872,,12192750000.0,487710000.0,0.04,2.0,80.0,80.0,2.0,0.08
Alphabet,2025-Q2,Search,Advertising,LATAM,advertiser,enterprise_advertiser,1490.2250000000001,14940098.031773932,,11827182539.682543,532223214.2857144,0.045,2.8,125.99999999999997,125.99999999999997,2.8,0.12599999999999997
Alphabet,2025-Q2,Search,Advertising,LATAM,advertiser,smb_advertiser,948.3249999999999,22799023.137092676,,19353571428.571426,677375000.0,0.035,1.4,49.0,49.0,1.4,0.049
Alphabet,2025-Q2,Search,Advertising,LATAM,advertiser,agency_advertiser,270.95,4761433.145172109,,3386875000.0,135475000.0,0.04,2.0,80.0,80.0,2.0,0.08
Alphabet,2025-Q2,Search,Advertising,ROW,advertiser,enterprise_advertiser,2086.315,34279642.23941307,,16558055555.555555,745112500.0,0.045,2.8,126.0,126.0,2.8,0.126
Alphabet,2025-Q2,Search,Advertising,ROW,advertiser,smb_advertiser,1327.655,27754465.822919205,,27095000000.0,948325000.0000001,0.035,1.4,49.0,49.0,1.4,0.049
Alphabet,2025-Q2,Search,Advertising,ROW,advertiser,agency_advertiser,379.33000000000004,5300408.290235538,,4741625000.000001,189665000.00000003,0.04,2.0,80.0,80.0,2.0,0.08
Alphabet,2025-Q2,YouTube_Ads,Advertising,US,advertiser,enterprise_advertiser,2424.51,32742385.307611678,,19242142857.14286,865896428.5714287,0.045,2.8,125.99999999999997,125.99999999999997,2.8,0.12599999999999997
Alphabet,2025-Q2,YouTube_Ads,Advertising,US,advertiser,smb_advertiser,1542.87,30669764.151408046,,31487142857.142853,1102050000.0,0.035,1.4,49.00000000000001,49.00000000000001,1.4,0.04900000000000001
Alphabet,2025-Q2,YouTube_Ads,Advertising,US,advertiser,agency_advertiser,440.82,8993915.119713068,,5510250000.0,220410000.0,0.04,2.0,80.0,80.0,2.0,0.08
Alphabet,2025-Q2,YouTube_Ads,Advertising,EU,advertiser,enterprise_advertiser,1077.5600000000002,13575200.877877614,,8552063492.063495,384842857.14285725,0.045,2.8,126.0,126.0,2.8,0.126
Alphabet,2025-Q2,YouTube_Ads,Advertising,EU,advertiser,smb_advertiser,685.72,15888050.719850514,,13994285714.285715,489800000.00000006,0.035,1.4,48.99999999999999,48.99999999999999,1.4,0.048999999999999995
Alphabet,2025-Q2,YouTube_Ads,Advertising,EU,advertiser,agency_advertiser,195.92000000000002,4402246.846051755,,2449000000.0000005,97960000.00000001,0.04,2.0,80.0,80.0,2.0,0.08
Alphabet,2025-Q2,YouTube_Ads,Advertising,APAC,advertiser,enterprise_advertiser,1185.316,21159994.54183587,,9407269841.269842,423327142.85714287,0.045,2.8,126.0,126.0,2.8,0.126
Alphabet,2025-Q2,YouTube_Ads,Advertising,APAC,advertiser,smb_advertiser,754.2919999999999,15443302.940183377,,15393714285.714285,538780000.0,0.035,1.4,48.99999999999999,48.99999999999999,1.4,0.048999999999999995
Alphabet,2025-Q2,YouTube_Ads,Advertising,APAC,advertiser,agency_advertiser,215.512,2909374.1996458666,,2693900000.0,107756000.0,0.04,2.0,80.0,80.0,2.0,0.08
Alphabet,2025-Q2,YouTube_Ads,Advertising,LATAM,advertiser,enterprise_advertiser,323.26800000000003,3388127.170252772,,2565619047.6190476,115452857.14285715,0.045,2.8,126.0,126.0,2.8,0.126
Alphabet,2025-Q2,YouTube_Ads,Advertising,LATAM,advertiser,smb_advertiser,205.71599999999998,4034367.9865353573,,4198285714.2857137,146940000.0,0.035,1.4,49.0,49.0,1.4,0.049
Alphabet,2025-Q2,YouTube_Ads,Advertising,LATAM,advertiser,agency_advertiser,58.776,741436.5730078714,,734700000.0,29388000.0,0.04,2.0,80.0,80.0,2.0,0.08
Alphabet,2025-Q2,YouTube_Ads,Advertising,ROW,advertiser,enterprise_advertiser,377.1460000000001,4729105.631381363,,2993222222.222223,134695000.00000003,0.045,2.8,126.0,126.0,2.8,0.126
Alphabet,2025-Q2,YouTube_Ads,Advertising,ROW,advertiser,smb_advertiser,240.00199999999998,4329721.113807216,,4898000000.0,171430000.0,0.035,1.4,48.99999999999999,48.99999999999999,1.4,0.048999999999999995
Alphabet,2025-Q2,YouTube_Ads,Advertising,ROW,advertiser,agency_advertiser,68.572,868446.5772809496,,857150000.0,34286000.0,0.04,2.0,80.0,80.0,2.0,0.08
Alphabet,2025-Q2,Network,Advertising,US,advertiser,enterprise_advertiser,1617.8800000000003,16476529.879859708,,12840317460.317463,577814285.7142859,0.045,2.8,126.0,126.0,2.8,0.126
Alphabet,2025-Q2,Network,Advertising,US,advertiser,smb_advertiser,1029.5600000000002,19212705.76971392,,21011428571.428574,735400000.0000001,0.035,1.4,49.0,49.0,1.4,0.049
Alphabet,2025-Q2,Network,Advertising,US,advertiser,agency_advertiser,294.16,4981888.417250927,,3677000000.0,147080000.0,0.04,2.0,80.0,80.0,2.0,0.08
Alphabet,2025-Q2,Network,Advertising,EU,advertiser,enterprise_advertiser,1011.1750000000001,10611794.780836854,,8025198412.698415,361133928.57142866,0.045,2.8,125.99999999999997,125.99999999999997,2.8,0.12599999999999997
Alphabet,2025-Q2,Network,Advertising,EU,advertiser,smb_advertiser,643.4749999999999,17760892.798698626,,13132142857.142855,459624999.99999994,0.035,1.4,49.0,49.0,1.4,0.049
Alphabet,2025-Q2,Network,Advertising,EU,advertiser,agency_advertiser,183.85000000000002,2600200.3210976403,,2298125000.0000005,91925000.00000001,0.04,2.0,80.0,80.0,2.0,0.08
Alphabet,2025-Q2,Network,Advertising,APAC,advertiser,enterprise_advertiser,808.9400000000002,13206034.782452328,,6420158730.158731,288907142.8571429,0.045,2.8,126.0,126.0,2.8,0.126
Alphabet,2025-Q2,Network,Advertising,APAC,advertiser,smb_advertiser,514.7800000000001,13213496.217442349,,10505714285.714287,367700000.00000006,0.035,1.4,49.0,49.0,1.4,0.049
Alphabet,2025-Q2,Network,Advertising,APAC,advertiser,agency_advertiser,147.08,3424475.6921078167,,1838500000.0,73540000.0,0.04,2.0,80.0,80.0,2.0,0.08
Alphabet,2025-Q2,Network,Advertising,LATAM,advertiser,enterprise_advertiser,323.5760000000001,4044790.0948678222,,2568063492.063493,115562857.14285716,0.045,2.8,126.0,126.0,2.8,0.126
Alphabet,2025-Q2,Network,Advertising,LATAM,advertiser,smb_advertiser,205.912,5165278.216366082,,4202285714.2857137,147080000.0,0.035,1.4,49.00000000000001,49.00000000000001,1.4,0.04900000000000001
Alphabet,2025-Q2,Network,Advertising,LATAM,advertiser,agency_advertiser,58.83200000000001,927188.8496214887,,735400000.0000001,29416000.000000004,0.04,2.0,80.0,80.0,2.0,0.08
Alphabet,2025-Q2,Network,Advertising,ROW,advertiser,enterprise_advertiser,283.1290000000001,2614518.712121004,,2247055555.5555563,101117500.00000003,0.045,2.8,125.99999999999997,125.99999999999997,2.8,0.12599999999999997
Alphabet,2025-Q2,Network,Advertising,ROW,advertiser,smb_advertiser,180.17300000000003,3820995.984624625,,3677000000.0000005,128695000.00000003,0.035,1.4,49.0,49.0,1.4,0.049
Alphabet,2025-Q2,Network,Advertising,ROW,advertiser,agency_advertiser,51.47800000000001,705649.2786690942,,643475000.0000001,25739000.000000004,0.04,2.0,80.0,80.0,2.0,0.08
Alphabet,2025-Q2,Cloud,Cloud,US,customer,enterprise,4495.92,8991.84,500000.0,,,,,,,,
Alphabet,2025-Q2,Cloud,Cloud,US,customer,midmarket,1873.3000000000002,3746.6000000000004,500000.0,,,,,,,,
Alphabet,2025-Q2,Cloud,Cloud,US,customer,smb,1123.98,2247.96,500000.0,,,,,,,,
Alphabet,2025-Q2,Cloud,Cloud,EU,customer,enterprise,1634.88,3269.76,499999.99999999994,,,,,,,,
Alphabet,2025-Q2,Cloud,Cloud,EU,customer,midmarket,681.2,1362.4,499999.99999999994,,,,,,,,
Alphabet,2025-Q2,Cloud,Cloud,EU,customer,smb,408.72,817.44,499999.99999999994,,,,,,,,
Alphabet,2025-Q2,Cloud,Cloud,APAC,customer,enterprise,1471.3919999999998,2942.7839999999997,500000.0,,,,,,,,
Alphabet,2025-Q2,Cloud,Cloud,APAC,customer,midmarket,613.0799999999999,1226.1599999999999,499999.99999999994,,,,,,,,
Alphabet,2025-Q2,Cloud,Cloud,APAC,customer,smb,367.84799999999996,735.6959999999999,500000.0,,,,,,,,
Alphabet,2025-Q2,Cloud,Cloud,LATAM,customer,enterprise,245.23199999999997,490.46399999999994,500000.0,,,,,,,,
Alphabet,2025-Q2,Cloud,Cloud,LATAM,customer,midmarket,102.17999999999999,204.35999999999999,500000.00000000006,,,,,,,,
Alphabet,2025-Q2,Cloud,Cloud,LATAM,customer,smb,61.30799999999999,122.61599999999999,500000.0,,,,,,,,
Alphabet,2025-Q2,Cloud,Cloud,ROW,customer,enterprise,326.976,653.952,500000.0,,,,,,,,
Alphabet,2025-Q2,Cloud,Cloud,ROW,customer,midmarket,136.24,272.48,499999.99999999994,,,,,,,,
Alphabet,2025-Q2,Cloud,Cloud,ROW,customer,smb,81.744,163.488,500000.0,,,,,,,,
Alphabet,2025-Q2,Subscriptions,Subscriptions_Devices,US,consumer,paying_consumer,2450.0,122500.0,20000.0,,,,,,,,
Alphabet,2025-Q2,Subscriptions,Subscriptions_Devices,US,consumer,streaming_consumer,700.0,35000.0,20000.0,,,,,,,,
Alphabet,2025-Q2,Subscriptions,Subscriptions_Devices,US,consumer,free_consumer,70.0,3500.0,20000.0,,,,,,,,
Alphabet,2025-Q2,Subscriptions,Subscriptions_Devices,EU,consumer,paying_consumer,1225.0,61250.0,20000.0,,,,,,,,
Alphabet,2025-Q2,Subscriptions,Subscriptions_Devices,EU,consumer,streaming_consumer,350.0,17500.0,20000.0,,,,,,,,
Alphabet,2025-Q2,Subscriptions,Subscriptions_Devices,EU,consumer,free_consumer,35.0,1750.0,20000.0,,,,,,,,
Alphabet,2025-Q2,Subscriptions,Subscriptions_Devices,APAC,consumer,paying_consumer,735.0,36750.0,20000.0,,,,,,,,
Alphabet,2025-Q2,Subscriptions,Subscriptions_Devices,APAC,consumer,streaming_consumer,210.0,10500.0,20000.0,,,,,,,,
Alphabet,2025-Q2,Subscriptions,Subscriptions_Devices,APAC,consumer,free_consumer,21.0,1050.0,20000.0,,,,,,,,
Alphabet,2025-Q2,Subscriptions,Subscriptions_Devices,LATAM,consumer,paying_consumer,244.99999999999997,12249.999999999998,20000.0,,,,,,,,
Alphabet,2025-Q2,Subscriptions,Subscriptions_Devices,LATAM,consumer,streaming_consumer,70.0,3500.0,20000.0,,,,,,,,
Alphabet,2025-Q2,Subscriptions,Subscriptions_Devices,LATAM,consumer,free_consumer,7.0,350.0,20000.0,,,,,,,,
Alphabet,2025-Q2,Subscriptions,Subscriptions_Devices,ROW,consumer,paying_consumer,244.99999999999997,12249.999999999998,20000.0,,,,,,,,
Alphabet,2025-Q2,Subscriptions,Subscriptions_Devices,ROW,consumer,streaming_consumer,70.0,3500.0,20000.0,,,,,,,,
Alphabet,2025-Q2,Subscriptions,Subscriptions_Devices,ROW,consumer,free_consumer,7.0,350.0,20000.0,,,,,,,,
Alphabet,2025-Q2,Devices,Subscriptions_Devices,US,consumer,paying_consumer,1235.682,61784.1,20000.0,,,,,,,,
Alphabet,2025-Q2,Devices,Subscriptions_Devices,US,consumer,streaming_consumer,353.052,17652.600000000002,19999.999999999996,,,,,,,,
Alphabet,2025-Q2,Devices,Subscriptions_Devices,US,consumer,free_consumer,35.3052,1765.26,20000.0,,,,,,,,
Alphabet,2025-Q2,Devices,Subscriptions_Devices,EU,consumer,paying_consumer,823.788,41189.4,20000.0,,,,,,,,
Alphabet,2025-Q2,Devices,Subscriptions_Devices,EU,consumer,streaming_consumer,235.36800000000005,11768.400000000003,20000.0,,,,,,,,
Alphabet,2025-Q2,Devices,Subscriptions_Devices,EU,consumer,free_consumer,23.536800000000003,1176.8400000000001,20000.0,,,,,,,,
Alphabet,2025-Q2,Devices,Subscriptions_Devices,APAC,consumer,paying_consumer,588.42,29420.999999999996,20000.000000000004,,,,,,,,
Alphabet,2025-Q2,Devices,Subscriptions_Devices,APAC,consumer,streaming_consumer,168.12,8406.0,20000.0,,,,,,,,
Alphabet,2025-Q2,Devices,Subscriptions_Devices,APAC,consumer,free_consumer,16.812,840.6,20000.0,,,,,,,,
Alphabet,2025-Q2,Devices,Subscriptions_Devices,LATAM,consumer,paying_consumer,147.105,7355.249999999999,20000.000000000004,,,,,,,,
Alphabet,2025-Q2,Devices,Subscriptions_Devices,LATAM,consumer,streaming_consumer,42.03,2101.5,20000.0,,,,,,,,
Alphabet,2025-Q2,Devices,Subscriptions_Devices,LATAM,consumer,free_consumer,4.203,210.15,20000.0,,,,,,,,
Alphabet,2025-Q2,Devices,Subscriptions_Devices,ROW,consumer,paying_consumer,147.105,7355.249999999999,20000.000000000004,,,,,,,,
Alphabet,2025-Q2,Devices,Subscriptions_Devices,ROW,consumer,streaming_consumer,42.03,2101.5,20000.0,,,,,,,,
Alphabet,2025-Q2,Devices,Subscriptions_Devices,ROW,consumer,free_consumer,4.203,210.15,20000.0,,,,,,,,
Alphabet,2025-Q2,Other,Other,US,consumer,paying_consumer,109.61999999999999,5480.999999999999,20000.0,,,,,,,,
Alphabet,2025-Q2,Other,Other,US,consumer,streaming_consumer,31.32,1566.0,20000.0,,,,,,,,
Alphabet,2025-Q2,Other,Other,US,consumer,free_consumer,3.132,156.6,20000.0,,,,,,,,
Alphabet,2025-Q2,Other,Other,EU,consumer,paying_consumer,36.54,1827.0,20000.0,,,,,,,,
Alphabet,2025-Q2,Other,Other,EU,consumer,streaming_consumer,10.440000000000001,522.0000000000001,20000.0,,,,,,,,
Alphabet,2025-Q2,Other,Other,EU,consumer,free_consumer,1.044,52.2,20000.0,,,,,,,,
Alphabet,2025-Q2,Other,Other,APAC,consumer,paying_consumer,27.404999999999998,1370.2499999999998,20000.0,,,,,,,,
Alphabet,2025-Q2,Other,Other,APAC,consumer,streaming_consumer,7.83,391.5,20000.0,,,,,,,,
Alphabet,2025-Q2,Other,Other,APAC,consumer,free_consumer,0.783,39.15,20000.0,,,,,,,,
Alphabet,2025-Q2,Other,Other,LATAM,consumer,paying_consumer,5.481,274.05,20000.0,,,,,,,,
Alphabet,2025-Q2,Other,Other,LATAM,consumer,streaming_consumer,1.566,78.3,20000.0,,,,,,,,
Alphabet,2025-Q2,Other,Other,LATAM,consumer,free_consumer,0.15660000000000002,7.830000000000001,20000.0,,,,,,,,
Alphabet,2025-Q2,Other,Other,ROW,consumer,paying_consumer,3.6539999999999995,182.69999999999996,20000.0,,,,,,,,
Alphabet,2025-Q2,Other,Other,ROW,consumer,streaming_consumer,1.044,52.2,20000.0,,,,,,,,
Alphabet,2025-Q2,Other,Other,ROW,consumer,free_consumer,0.10439999999999999,5.22,20000.0,,,,,,,,
Alphabet,2025-Q3,Search,Advertising,US,advertiser,enterprise_advertiser,14995.2,180378322.2291933,,119009523809.52382,5355428571.428572,0.045,2.8,126.0,126.0,2.8,0.126
Alphabet,2025-Q3,Search,Advertising,US,advertiser,smb_advertiser,9542.4,179479531.6117197,,194742857142.85712,6816000000.0,0.035,1.4,49.00000000000001,49.00000000000001,1.4,0.04900000000000001
Alphabet,2025-Q3,Search,Advertising,US,advertiser,agency_advertiser,2726.4,62761712.23896682,,34080000000.0,1363200000.0,0.04,2.0,80.0,80.0,2.0,0.08
Alphabet,2025-Q3,Search,Advertising,EU,advertiser,enterprise_advertiser,6872.8,92417325.42255986,,54546031746.03175,2454571428.571429,0.045,2.8,125.99999999999997,125.99999999999997,2.8,0.12599999999999997
Alphabet,2025-Q3,Search,Advertising,EU,advertiser,smb_advertiser,4373.599999999999,132889828.42109531,,89257142857.14284,3123999999.9999995,0.035,1.4,49.0,49.0,1.4,0.049
Alphabet,2025-Q3,Search,Advertising,EU,advertiser,agency_advertiser,1249.6000000000001,18652988.525283534,,15620000000.000002,624800000.0000001,0.04,2.0,80.0,80.0,2.0,0.08
Alphabet,2025-Q3,Search,Advertising,APAC,advertiser,enterprise_advertiser,5623.200000000001,75505376.63237894,,44628571428.57144,2008285714.2857149,0.045,2.8,125.99999999999997,125.99999999999997,2.8,0.12599999999999997
Alphabet,2025-Q3,Search,Advertising,APAC,advertiser,smb_advertiser,3578.3999999999996,65751639.64224828,,73028571428.57143,2556000000.0,0.035,1.4,48.99999999999999,48.99999999999999,1.4,0.048999999999999995
Alphabet,2025-Q3,Search,Advertising,APAC,advertiser,agency_advertiser,1022.4000000000001,21312461.73951886,,12780000000.000002,511200000.00000006,0.04,2.0,80.0,80.0,2.0,0.08
Alphabet,2025-Q3,Search,Advertising,LATAM,advertiser,enterprise_advertiser,1562.0000000000002,27238767.160980366,,12396825396.8254,557857142.8571429,0.045,2.8,126.0,126.0,2.8,0.126
Alphabet,2025-Q3,Search,Advertising,LATAM,advertiser,smb_advertiser,993.9999999999999,30514847.59677907,,20285714285.714283,710000000.0,0.035,1.4,49.0,49.0,1.4,0.049
Alphabet,2025-Q3,Search,Advertising,LATAM,advertiser,agency_advertiser,284.0,3769740.5644375286,,3550000000.0,142000000.0,0.04,2.0,80.0,80.0,2.0,0.08
Alphabet,2025-Q3,Search,Advertising,ROW,advertiser,enterprise_advertiser,2186.8000000000006,25082932.81433723,,17355555555.55556,781000000.0000002,0.045,2.8,126.0,126.0,2.8,0.126
Alphabet,2025-Q3,Search,Advertising,ROW,advertiser,smb_advertiser,1391.6000000000001,40655946.60947817,,28400000000.000004,994000000.0000002,0.035,1.4,49.0,49.0,1.4,0.049
Alphabet,2025-Q3,Search,Advertising,ROW,advertiser,agency_advertiser,397.6000000000001,6381008.136936681,,4970000000.000001,198800000.00000003,0.04,2.0,80.0,80.0,2.0,0.08
Alphabet,2025-Q3,YouTube_Ads,Advertising,US,advertiser,enterprise_advertiser,2524.5,26316710.306841105,,20035714285.714287,901607142.8571429,0.045,2.8,126.0,126.0,2.8,0.126
Alphabet,2025-Q3,YouTube_Ads,Advertising,US,advertiser,smb_advertiser,1606.5,33420694.48381393,,32785714285.714283,1147500000.0,0.035,1.4,49.0,49.0,1.4,0.049
Alphabet,2025-Q3,YouTube_Ads,Advertising,US,advertiser,agency_advertiser,459.0,6971255.2425437495,,5737500000.0,229500000.0,0.04,2.0,80.0,80.0,2.0,0.08
Alphabet,2025-Q3,YouTube_Ads,Advertising,EU,advertiser,enterprise_advertiser,1122.0,18660154.279971305,,8904761904.761906,400714285.71428573,0.045,2.8,126.0,126.0,2.8,0.126
Alphabet,2025-Q3,YouTube_Ads,Advertising,EU,advertiser,smb_advertiser,714.0,20458823.716494177,,14571428571.428572,510000000.00000006,0.035,1.4,49.0,49.0,1.4,0.049
Alphabet,2025-Q3,YouTube_Ads,Advertising,EU,advertiser,agency_advertiser,204.0,3239374.4349786323,,2550000000.0,102000000.0,0.04,2.0,80.0,80.0,2.0,0.08
Alphabet,2025-Q3,YouTube_Ads,Advertising,APAC,advertiser,enterprise_advertiser,1234.2,11063769.437056355,,9795238095.238096,440785714.2857143,0.045,2.8,126.0,126.0,2.8,0.126
Alphabet,2025-Q3,YouTube_Ads,Advertising,APAC,advertiser,smb_advertiser,785.4,14580931.874617906,,16028571428.571426,561000000.0,0.035,1.4,49.00000000000001,49.00000000000001,1.4,0.04900000000000001
Alphabet,2025-Q3,YouTube_Ads,Advertising,APAC,advertiser,agency_advertiser,224.4,4869758.260959716,,2805000000.0,112200000.0,0.04,2.0,80.0,80.0,2.0,0.08
Alphabet,2025-Q3,YouTube_Ads,Advertising,LATAM,advertiser,enterprise_advertiser,336.6,3543603.79416859,,2671428571.4285717,120214285.71428572,0.045,2.8,126.0,126.0,2.8,0.126
Alphabet,2025-Q3,YouTube_Ads,Advertising,LATAM,advertiser,smb_advertiser,214.2,6730935.135201755,,4371428571.428571,153000000.0,0.035,1.4,49.00000000000001,49.00000000000001,1.4,0.04900000000000001
Alphabet,2025-Q3,YouTube_Ads,Advertising,LATAM,advertiser,agency_advertiser,61.2,1165629.3416628037,,765000000.0,30600000.0,0.04,2.0,80.0,80.0,2.0,0.08
Alphabet,2025-Q3,YouTube_Ads,Advertising,ROW,advertiser,enterprise_advertiser,392.7000000000001,3688638.233807314,,3116666666.666668,140250000.00000006,0.045,2.8,125.99999999999997,125.99999999999997,2.8,0.12599999999999997
Alphabet,2025-Q3,YouTube_Ads,Advertising,ROW,advertiser,smb_advertiser,249.90000000000003,6651797.197196371,,5100000000.0,178500000.00000003,0.035,1.4,49.00000000000001,49.00000000000001,1.4,0.04900000000000001
Alphabet,2025-Q3,YouTube_Ads,Advertising,ROW,advertiser,agency_advertiser,71.40000000000002,1440743.41970169,,892500000.0000001,35700000.00000001,0.04,2.0,80.0,80.0,2.0,0.08
Alphabet,2025-Q3,Network,Advertising,US,advertiser,enterprise_advertiser,1584.0000000000002,17846071.530375853,,12571428571.428576,565714285.7142859,0.045,2.8,125.99999999999997,125.99999999999997,2.8,0.12599999999999997
Alphabet,2025-Q3,Network,Advertising,US,advertiser,smb_advertiser,1007.9999999999999,24380524.37009659,,20571428571.42857,720000000.0,0.035,1.4,48.99999999999999,48.99999999999999,1.4,0.048999999999999995
Alphabet,2025-Q3,Network,Advertising,US,advertiser,agency_advertiser,288.0,5731799.448457285,,3600000000.0,144000000.0,0.04,2.0,80.0,80.0,2.0,0.08
Alphabet,2025-Q3,Network,Advertising,EU,advertiser,enterprise_advertiser,990.0000000000001,17367836.161732174,,7857142857.142859,353571428.57142866,0.045,2.8,125.99999999999997,125.99999999999997,2.8,0.12599999999999997
Alphabet,2025-Q3,Network,Advertising,EU,advertiser,smb_advertiser,630.0,14240775.09612672,,12857142857.142857,450000000.0,0.035,1.4,49.0,49.0,1.4,0.049
Alphabet,2025-Q3,Network,Advertising,EU,advertiser,agency_advertiser,180.0,3777987.731503549,,2250000000.0,90000000.0,0.04,2.0,80.0,80.0,2.0,0.08
Alphabet,2025-Q3,Network,Advertising,APAC,advertiser,enterprise_advertiser,792.0000000000001,12770336.744048985,,6285714285.714288,282857142.8571429,0.045,2.8,125.99999999999997,125.99999999999997,2.8,0.12599999999999997
Alphabet,2025-Q3,Network,Advertising,APAC,advertiser,smb_advertiser,503.99999999999994,12395936.215950718,,10285714285.714285,360000000.0,0.035,1.4,48.99999999999999,48.99999999999999,1.4,0.048999999999999995
Alphabet,2025-Q3,Network,Advertising,APAC,advertiser,agency_advertiser,144.0,2581274.6646606266,,1800000000.0,72000000.0,0.04,2.0,80.0,80.0,2.0,0.08
Alphabet,2025-Q3,Network,Advertising,LATAM,advertiser,enterprise_advertiser,316.8,3234953.1591269714,,2514285714.2857146,113142857.14285715,0.045,2.8,125.99999999999997,125.99999999999997,2.8,0.12599999999999997
Alphabet,2025-Q3,Network,Advertising,LATAM,advertiser,smb_advertiser,201.6,4380348.689193742,,4114285714.2857137,144000000.0,0.035,1.4,49.00000000000001,49.00000000000001,1.4,0.04900000000000001
Alphabet,2025-Q3,Network,Advertising,LATAM,advertiser,agency_advertiser,57.6,834416.101676939,,720000000.0,28800000.0,0.04,2.0,80.0,80.0,2.0,0.08
Alphabet,2025-Q3,Network,Advertising,ROW,advertiser,enterprise_advertiser,277.20000000000005,3659230.525584702,,2200000000.000001,99000000.00000003,0.045,2.8,125.99999999999997,125.99999999999997,2.8,0.12599999999999997
Alphabet,2025-Q3,Network,Advertising,ROW,advertiser,smb_advertiser,176.4,4145192.065095529,,3600000000.0,126000000.00000001,0.035,1.4,49.0,49.0,1.4,0.049
Alphabet,2025-Q3,Network,Advertising,ROW,advertiser,agency_advertiser,50.400000000000006,883143.8473713656,,630000000.0000001,25200000.000000004,0.04,2.0,80.0,80.0,2.0,0.08
Alphabet,2025-Q3,Cloud,Cloud,US,customer,enterprise,5115.0,10230.0,500000.0,,,,,,,,
Alphabet,2025-Q3,Cloud,Cloud,US,customer,midmarket,2131.25,4262.5,500000.0,,,,,,,,
Alphabet,2025-Q3,Cloud,Cloud,US,customer,smb,1278.75,2557.5,500000.0,,,,,,,,
Alphabet,2025-Q3,Cloud,Cloud,EU,customer,enterprise,1860.0,3720.0,500000.0,,,,,,,,
Alphabet,2025-Q3,Cloud,Cloud,EU,customer,midmarket,775.0,1550.0,500000.0,,,,,,,,
Alphabet,2025-Q3,Cloud,Cloud,EU,customer,smb,465.0,930.0,500000.0,,,,,,,,
Alphabet,2025-Q3,Cloud,Cloud,APAC,customer,enterprise,1674.0,3348.0,500000.0,,,,,,,,
Alphabet,2025-Q3,Cloud,Cloud,APAC,customer,midmarket,697.5,1395.0,500000.0,,,,,,,,
Alphabet,2025-Q3,Cloud,Cloud,APAC,customer,smb,418.5,837.0,500000.0,,,,,,,,
Alphabet,2025-Q3,Cloud,Cloud,LATAM,customer,enterprise,279.0,558.0,500000.0,,,,,,,,
Alphabet,2025-Q3,Cloud,Cloud,LATAM,customer,midmarket,116.25,232.5,500000.0,,,,,,,,
Alphabet,2025-Q3,Cloud,Cloud,LATAM,customer,smb,69.75,139.5,500000.0,,,,,,,,
Alphabet,2025-Q3,Cloud,Cloud,ROW,customer,enterprise,372.0,744.0,500000.0,,,,,,,,
Alphabet,2025-Q3,Cloud,Cloud,ROW,customer,midmarket,155.0,310.0,500000.0,,,,,,,,
Alphabet,2025-Q3,Cloud,Cloud,ROW,customer,smb,93.0,186.0,500000.0,,,,,,,,
Alphabet,2025-Q3,Subscriptions,Subscriptions_Devices,US,consumer,paying_consumer,2625.0,131250.0,20000.0,,,,,,,,
Alphabet,2025-Q3,Subscriptions,Subscriptions_Devices,US,consumer,streaming_consumer,750.0,37500.0,20000.0,,,,,,,,
Alphabet,2025-Q3,Subscriptions,Subscriptions_Devices,US,consumer,free_consumer,75.0,3750.0,20000.0,,,,,,,,
Alphabet,2025-Q3,Subscriptions,Subscriptions_Devices,EU,consumer,paying_consumer,1312.5,65625.0,20000.0,,,,,,,,
Alphabet,2025-Q3,Subscriptions,Subscriptions_Devices,EU,consumer,streaming_consumer,375.0,18750.0,20000.0,,,,,,,,
Alphabet,2025-Q3,Subscriptions,Subscriptions_Devices,EU,consumer,free_consumer,37.5,1875.0,20000.0,,,,,,,,
Alphabet,2025-Q3,Subscriptions,Subscriptions_Devices,APAC,consumer,paying_consumer,787.5,39375.0,20000.0,,,,,,,,
Alphabet,2025-Q3,Subscriptions,Subscriptions_Devices,APAC,consumer,streaming_consumer,225.0,11250.0,20000.0,,,,,,,,
Alphabet,2025-Q3,Subscriptions,Subscriptions_Devices,APAC,consumer,free_consumer,22.5,1125.0,20000.0,,,,,,,,
Alphabet,2025-Q3,Subscriptions,Subscriptions_Devices,LATAM,consumer,paying_consumer,262.5,13125.0,20000.0,,,,,,,,
Alphabet,2025-Q3,Subscriptions,Subscriptions_Devices,LATAM,consumer,streaming_consumer,75.0,3750.0,20000.0,,,,,,,,
Alphabet,2025-Q3,Subscriptions,Subscriptions_Devices,LATAM,consumer,free_consumer,7.5,375.0,20000.0,,,,,,,,
Alphabet,2025-Q3,Subscriptions,Subscriptions_Devices,ROW,consumer,paying_consumer,262.5,13125.0,20000.0,,,,,,,,
Alphabet,2025-Q3,Subscriptions,Subscriptions_Devices,ROW,consumer,streaming_consumer,75.0,3750.0,20000.0,,,,,,,,
Alphabet,2025-Q3,Subscriptions,Subscriptions_Devices,ROW,consumer,free_consumer,7.5,375.0,20000.0,,,,,,,,
Alphabet,2025-Q3,Devices,Subscriptions_Devices,US,consumer,paying_consumer,1117.1999999999998,55859.99999999999,20000.0,,,,,,,,
Alphabet,2025-Q3,Devices,Subscriptions_Devices,US,consumer,streaming_consumer,319.20000000000005,15960.000000000002,20000.0,,,,,,,,
Alphabet,2025-Q3,Devices,Subscriptions_Devices,US,consumer,free_consumer,31.92,1596.0,20000.0,,,,,,,,
Alphabet,2025-Q3,Devices,Subscriptions_Devices,EU,consumer,paying_consumer,744.8,37240.0,20000.0,,,,,,,,
Alphabet,2025-Q3,Devices,Subscriptions_Devices,EU,consumer,streaming_consumer,212.8,10640.0,20000.0,,,,,,,,
Alphabet,2025-Q3,Devices,Subscriptions_Devices,EU,consumer,free_consumer,21.28,1064.0,20000.0,,,,,,,,
Alphabet,2025-Q3,Devices,Subscriptions_Devices,APAC,consumer,paying_consumer,532.0,26600.0,20000.0,,,,,,,,
Alphabet,2025-Q3,Devices,Subscriptions_Devices,APAC,consumer,streaming_consumer,152.0,7600.0,20000.0,,,,,,,,
Alphabet,2025-Q3,Devices,Subscriptions_Devices,APAC,consumer,free_consumer,15.200000000000001,760.0,20000.000000000004,,,,,,,,
Alphabet,2025-Q3,Devices,Subscriptions_Devices,LATAM,consumer,paying_consumer,133.0,6650.0,20000.0,,,,,,,,
Alphabet,2025-Q3,Devices,Subscriptions_Devices,LATAM,consumer,streaming_consumer,38.0,1900.0,20000.0,,,,,,,,
Alphabet,2025-Q3,Devices,Subscriptions_Devices,LATAM,consumer,free_consumer,3.8000000000000003,190.0,20000.000000000004,,,,,,,,
Alphabet,2025-Q3,Devices,Subscriptions_Devices,ROW,consumer,paying_consumer,133.0,6650.0,20000.0,,,,,,,,
Alphabet,2025-Q3,Devices,Subscriptions_Devices,ROW,consumer,streaming_consumer,38.0,1900.0,20000.0,,,,,,,,
Alphabet,2025-Q3,Devices,Subscriptions_Devices,ROW,consumer,free_consumer,3.8000000000000003,190.0,20000.000000000004,,,,,,,,
Alphabet,2025-Q3,Other,Other,US,consumer,paying_consumer,117.6,5880.0,20000.0,,,,,,,,
Alphabet,2025-Q3,Other,Other,US,consumer,streaming_consumer,33.6,1680.0,20000.0,,,,,,,,
Alphabet,2025-Q3,Other,Other,US,consumer,free_consumer,3.36,168.0,20000.0,,,,,,,,
Alphabet,2025-Q3,Other,Other,EU,consumer,paying_consumer,39.199999999999996,1959.9999999999998,20000.0,,,,,,,,
Alphabet,2025-Q3,Other,Other,EU,consumer,streaming_consumer,11.200000000000001,560.0,20000.000000000004,,,,,,,,
Alphabet,2025-Q3,Other,Other,EU,consumer,free_consumer,1.12,56.00000000000001,19999.999999999996,,,,,,,,
Alphabet,2025-Q3,Other,Other,APAC,consumer,paying_consumer,29.4,1470.0,20000.0,,,,,,,,
Alphabet,2025-Q3,Other,Other,APAC,consumer,streaming_consumer,8.4,420.0,20000.0,,,,,,,,
Alphabet,2025-Q3,Other,Other,APAC,consumer,free_consumer,0.84,42.0,20000.0,,,,,,,,
Alphabet,2025-Q3,Other,Other,LATAM,consumer,paying_consumer,5.88,294.0,20000.0,,,,,,,,
Alphabet,2025-Q3,Other,Other,LATAM,consumer,streaming_consumer,1.6800000000000002,84.00000000000001,20000.0,,,,,,,,
Alphabet,2025-Q3,Other,Other,LATAM,consumer,free_consumer,0.168,8.4,20000.0,,,,,,,,
Alphabet,2025-Q3,Other,Other,ROW,consumer,paying_consumer,3.92,196.0,20000.0,,,,,,,,
Alphabet,2025-Q3,Other,Other,ROW,consumer,streaming_consumer,1.12,56.00000000000001,19999.999999999996,,,,,,,,
Alphabet,2025-Q3,Other,Other,ROW,consumer,free_consumer,0.11200000000000002,5.6000000000000005,20000.0,,,,,,,,
Alphabet,2025-Q4,Search,Advertising,US,advertiser,enterprise_advertiser,15576.000000000002,143527593.74200234,,123619047619.04765,5562857142.857144,0.045,2.8,125.99999999999997,125.99999999999997,2.8,0.12599999999999997
Alphabet,2025-Q4,Search,Advertising,US,advertiser,smb_advertiser,9912.0,323353618.13691777,,202285714285.71426,7080000000.0,0.035,1.4,49.0,49.0,1.4,0.049
Alphabet,2025-Q4,Search,Advertising,US,advertiser,agency_advertiser,2832.0,70454812.634959,,35400000000.0,1416000000.0,0.04,2.0,80.0,80.0,2.0,0.08
Alphabet,2025-Q4,Search,Advertising,EU,advertiser,enterprise_advertiser,7139.000000000001,64037413.5814714,,56658730158.73017,2549642857.1428576,0.045,2.8,126.0,126.0,2.8,0.126
Alphabet,2025-Q4,Search,Advertising,EU,advertiser,smb_advertiser,4543.0,128291788.55678043,,92714285714.2857,3245000000.0,0.035,1.4,49.0,49.0,1.4,0.049
Alphabet,2025-Q4,Search,Advertising,EU,advertiser,agency_advertiser,1298.0,17725515.729860526,,16225000000.0,649000000.0,0.04,2.0,80.0,80.0,2.0,0.08
Alphabet,2025-Q4,Search,Advertising,APAC,advertiser,enterprise_advertiser,5841.000000000001,65749492.30306916,,46357142857.14287,2086071428.571429,0.045,2.8,126.0,126.0,2.8,0.126
Alphabet,2025-Q4,Search,Advertising,APAC,advertiser,smb_advertiser,3716.9999999999995,67784603.35915421,,75857142857.14285,2655000000.0,0.035,1.4,48.99999999999999,48.99999999999999,1.4,0.048999999999999995
Alphabet,2025-Q4,Search,Advertising,APAC,advertiser,agency_advertiser,1062.0,15467401.86172572,,13275000000.0,531000000.0,0.04,2.0,80.0,80.0,2.0,0.08
Alphabet,2025-Q4,Search,Advertising,LATAM,advertiser,enterprise_advertiser,1622.5000000000002,18400871.31985804,,12876984126.98413,579464285.7142859,0.045,2.8,125.99999999999997,125.99999999999997,2.8,0.12599999999999997
Alphabet,2025-Q4,Search,Advertising,LATAM,advertiser,smb_advertiser,1032.5,18592424.10176962,,21071428571.42857,737500000.0,0.035,1.4,49.0,49.0,1.4,0.049
Alphabet,2025-Q4,Search,Advertising,LATAM,advertiser,agency_advertiser,295.0,4014595.0934608798,,3687500000.0,147500000.0,0.04,2.0,80.0,80.0,2.0,0.08
Alphabet,2025-Q4,Search,Advertising,ROW,advertiser,enterprise_advertiser,2271.5,21478801.809384998,,18027777777.77778,811250000.0,0.045,2.8,126.0,126.0,2.8,0.126
Alphabet,2025-Q4,Search,Advertising,ROW,advertiser,smb_advertiser,1445.5,31642824.650814112,,29500000000.0,1032500000.0000001,0.035,1.4,49.0,49.0,1.4,0.049
Alphabet,2025-Q4,Search,Advertising,ROW,advertiser,agency_advertiser,413.0,7612260.308323806,,5162500000.0,206500000.0,0.04,2.0,80.0,80.0,2.0,0.08
Alphabet,2025-Q4,YouTube_Ads,Advertising,US,advertiser,enterprise_advertiser,2598.75,37836310.663545996,,20625000000.0,928125000.0,0.045,2.8,126.0,126.0,2.8,0.126
Alphabet,2025-Q4,YouTube_Ads,Advertising,US,advertiser,smb_advertiser,1653.75,33227023.288188476,,33749999999.999996,1181250000.0,0.035,1.4,49.00000000000001,49.00000000000001,1.4,0.04900000000000001
Alphabet,2025-Q4,YouTube_Ads,Advertising,US,advertiser,agency_advertiser,472.5,10095476.486147856,,5906250000.0,236250000.0,0.04,2.0,80.0,80.0,2.0,0.08
Alphabet,2025-Q4,YouTube_Ads,Advertising,EU,advertiser,enterprise_advertiser,1155.0,13428617.992234627,,9166666666.666668,412500000.0,0.045,2.8,125.99999999999997,125.99999999999997,2.8,0.12599999999999997
Alphabet,2025-Q4,YouTube_Ads,Advertising,EU,advertiser,smb_advertiser,735.0,15700673.475394575,,15000000000.0,525000000.00000006,0.035,1.4,49.0,49.0,1.4,0.049
Alphabet,2025-Q4,YouTube_Ads,Advertising,EU,advertiser,agency_advertiser,210.0,2982130.0565311876,,2625000000.0,105000000.0,0.04,2.0,80.0,80.0,2.0,0.08
Alphabet,2025-Q4,YouTube_Ads,Advertising,APAC,advertiser,enterprise_advertiser,1270.5,13962045.720548235,,10083333333.333334,453750000.0,0.045,2.8,126.0,126.0,2.8,0.126
Alphabet,2025-Q4,YouTube_Ads,Advertising,APAC,advertiser,smb_advertiser,808.5,20421429.238412473,,16499999999.999998,577500000.0,0.035,1.4,49.00000000000001,49.00000000000001,1.4,0.04900000000000001
Alphabet,2025-Q4,YouTube_Ads,Advertising,APAC,advertiser,agency_advertiser,231.0,3577620.408700922,,2887500000.0,115500000.0,0.04,2.0,80.0,80.0,2.0,0.08
Alphabet,2025-Q4,YouTube_Ads,Advertising,LATAM,advertiser,enterprise_advertiser,346.5,3902604.647559429,,2750000000.0000005,123750000.00000001,0.045,2.8,125.99999999999997,125.99999999999997,2.8,0.12599999999999997
Alphabet,2025-Q4,YouTube_Ads,Advertising,LATAM,advertiser,smb_advertiser,220.5,4544441.844829977,,4500000000.0,157500000.0,0.035,1.4,49.0,49.0,1.4,0.049
Alphabet,2025-Q4,YouTube_Ads,Advertising,LATAM,advertiser,agency_advertiser,63.0,1036166.9929725059,,787500000.0,31500000.0,0.04,2.0,80.0,80.0,2.0,0.08
Alphabet,2025-Q4,YouTube_Ads,Advertising,ROW,advertiser,enterprise_advertiser,404.2500000000001,5609981.865300828,,3208333333.333335,144375000.00000006,0.045,2.8,125.99999999999997,125.99999999999997,2.8,0.12599999999999997
Alphabet,2025-Q4,YouTube_Ads,Advertising,ROW,advertiser,smb_advertiser,257.25,7474667.46721714,,5249999999.999999,183750000.0,0.035,1.4,49.00000000000001,49.00000000000001,1.4,0.04900000000000001
Alphabet,2025-Q4,YouTube_Ads,Advertising,ROW,advertiser,agency_advertiser,73.50000000000001,1083877.6129618518,,918750000.0000001,36750000.00000001,0.04,2.0,80.0,80.0,2.0,0.08
Alphabet,2025-Q4,Network,Advertising,US,advertiser,enterprise_advertiser,1562.0000000000002,23331882.181536518,,12396825396.8254,557857142.8571429,0.045,2.8,126.0,126.0,2.8,0.126
Alphabet,2025-Q4,Network,Advertising,US,advertiser,smb_advertiser,993.9999999999999,18003512.714051183,,20285714285.714283,710000000.0,0.035,1.4,49.0,49.0,1.4,0.049
Alphabet,2025-Q4,Network,Advertising,US,advertiser,agency_advertiser,284.0,4248569.359355164,,3550000000.0,142000000.0,0.04,2.0,80.0,80.0,2.0,0.08
Alphabet,2025-Q4,Network,Advertising,EU,advertiser,enterprise_advertiser,976.2500000000001,9468427.70823393,,7748015873.015874,348660714.2857143,0.045,2.8,126.0,126.0,2.8,0.126
Alphabet,2025-Q4,Network,Advertising,EU,advertiser,smb_advertiser,621.25,14925795.503999757,,12678571428.571428,443750000.0,0.035,1.4,49.0,49.0,1.4,0.049
Alphabet,2025-Q4,Network,Advertising,EU,advertiser,agency_advertiser,177.5,3006548.6116011655,,2218750000.0,88750000.0,0.04,2.0,80.0,80.0,2.0,0.08
Alphabet,2025-Q4,Network,Advertising,APAC,advertiser,enterprise_advertiser,781.0000000000001,12062970.816061014,,6198412698.4127,278928571.42857146,0.045,2.8,126.0,126.0,2.8,0.126
Alphabet,2025-Q4,Network,Advertising,APAC,advertiser,smb_advertiser,496.99999999999994,10370288.96416121,,10142857142.857141,355000000.0,0.035,1.4,49.0,49.0,1.4,0.049
Alphabet,2025-Q4,Network,Advertising,APAC,advertiser,agency_advertiser,142.0,1925046.844328422,,1775000000.0,71000000.0,0.04,2.0,80.0,80.0,2.0,0.08
Alphabet,2025-Q4,Network,Advertising,LATAM,advertiser,enterprise_advertiser,312.40000000000003,4075455.682518009,,2479365079.36508,111571428.5714286,0.045,2.8,126.0,126.0,2.8,0.126
Alphabet,2025-Q4,Network,Advertising,LATAM,advertiser,smb_advertiser,198.79999999999998,4505870.698624977,,4057142857.1428566,142000000.0,0.035,1.4,49.0,49.0,1.4,0.049
Alphabet,2025-Q4,Network,Advertising,LATAM,advertiser,agency_advertiser,56.800000000000004,908269.5858649681,,710000000.0000001,28400000.000000004,0.04,2.0,80.0,80.0,2.0,0.08
Alphabet,2025-Q4,Network,Advertising,ROW,advertiser,enterprise_advertiser,273.3500000000001,3517576.3575808727,,2169444444.444445,97625000.00000003,0.045,2.8,126.0,126.0,2.8,0.126
Alphabet,2025-Q4,Network,Advertising,ROW,advertiser,smb_advertiser,173.95000000000002,5333613.089944925,,3550000000.0000005,124250000.00000003,0.035,1.4,49.0,49.0,1.4,0.049
Alphabet,2025-Q4,Network,Advertising,ROW,advertiser,agency_advertiser,49.70000000000001,661984.242705794,,621250000.0000001,24850000.000000004,0.04,2.0,80.0,80.0,2.0,0.08
Alphabet,2025-Q4,Cloud,Cloud,US,customer,enterprise,5940.0,11880.0,500000.0,,,,,,,,
Alphabet,2025-Q4,Cloud,Cloud,US,customer,midmarket,2475.0,4950.0,500000.0,,,,,,,,
Alphabet,2025-Q4,Cloud,Cloud,US,customer,smb,1485.0,2970.0,500000.0,,,,,,,,
Alphabet,2025-Q4,Cloud,Cloud,EU,customer,enterprise,2160.0,4320.0,500000.0,,,,,,,,
Alphabet,2025-Q4,Cloud,Cloud,EU,customer,midmarket,900.0,1800.0,500000.0,,,,,,,,
Alphabet,2025-Q4,Cloud,Cloud,EU,customer,smb,540.0,1080.0,500000.0,,,,,,,,
Alphabet,2025-Q4,Cloud,Cloud,APAC,customer,enterprise,1944.0,3888.0,500000.0,,,,,,,,
Alphabet,2025-Q4,Cloud,Cloud,APAC,customer,midmarket,810.0,1620.0,500000.0,,,,,,,,
Alphabet,2025-Q4,Cloud,Cloud,APAC,customer,smb,486.0,972.0,500000.0,,,,,,,,
Alphabet,2025-Q4,Cloud,Cloud,LATAM,customer,enterprise,324.0,648.0,500000.0,,,,,,,,
Alphabet,2025-Q4,Cloud,Cloud,LATAM,customer,midmarket,135.0,270.0,500000.0,,,,,,,,
Alphabet,2025-Q4,Cloud,Cloud,LATAM,customer,smb,81.0,162.0,500000.0,,,,,,,,
Alphabet,2025-Q4,Cloud,Cloud,ROW,customer,enterprise,432.0,864.0,500000.0,,,,,,,,
Alphabet,2025-Q4,Cloud,Cloud,ROW,customer,midmarket,180.0,360.0,500000.0,,,,,,,,
Alphabet,2025-Q4,Cloud,Cloud,ROW,customer,smb,108.0,216.0,500000.0,,,,,,,,
Alphabet,2025-Q4,Subscriptions,Subscriptions_Devices,US,consumer,paying_consumer,2800.0,140000.0,20000.0,,,,,,,,
Alphabet,2025-Q4,Subscriptions,Subscriptions_Devices,US,consumer,streaming_consumer,800.0,40000.0,20000.0,,,,,,,,
Alphabet,2025-Q4,Subscriptions,Subscriptions_Devices,US,consumer,free_consumer,80.0,4000.0,20000.0,,,,,,,,
Alphabet,2025-Q4,Subscriptions,Subscriptions_Devices,EU,consumer,paying_consumer,1400.0,70000.0,20000.0,,,,,,,,
Alphabet,2025-Q4,Subscriptions,Subscriptions_Devices,EU,consumer,streaming_consumer,400.0,20000.0,20000.0,,,,,,,,
Alphabet,2025-Q4,Subscriptions,Subscriptions_Devices,EU,consumer,free_consumer,40.0,2000.0,20000.0,,,,,,,,
Alphabet,2025-Q4,Subscriptions,Subscriptions_Devices,APAC,consumer,paying_consumer,840.0,42000.0,20000.0,,,,,,,,
Alphabet,2025-Q4,Subscriptions,Subscriptions_Devices,APAC,consumer,streaming_consumer,240.0,12000.0,20000.0,,,,,,,,
Alphabet,2025-Q4,Subscriptions,Subscriptions_Devices,APAC,consumer,free_consumer,24.0,1200.0,20000.0,,,,,,,,
Alphabet,2025-Q4,Subscriptions,Subscriptions_Devices,LATAM,consumer,paying_consumer,280.0,14000.0,20000.0,,,,,,,,
Alphabet,2025-Q4,Subscriptions,Subscriptions_Devices,LATAM,consumer,streaming_consumer,80.0,4000.0,20000.0,,,,,,,,
Alphabet,2025-Q4,Subscriptions,Subscriptions_Devices,LATAM,consumer,free_consumer,8.0,400.0,20000.0,,,,,,,,
Alphabet,2025-Q4,Subscriptions,Subscriptions_Devices,ROW,consumer,paying_consumer,280.0,14000.0,20000.0,,,,,,,,
Alphabet,2025-Q4,Subscriptions,Subscriptions_Devices,ROW,consumer,streaming_consumer,80.0,4000.0,20000.0,,,,,,,,
Alphabet,2025-Q4,Subscriptions,Subscriptions_Devices,ROW,consumer,free_consumer,8.0,400.0,20000.0,,,,,,,,
Alphabet,2025-Q4,Devices,Subscriptions_Devices,US,consumer,paying_consumer,1470.0,73500.0,20000.0,,,,,,,,
Alphabet,2025-Q4,Devices,Subscriptions_Devices,US,consumer,streaming_consumer,420.0,21000.0,20000.0,,,,,,,,
Alphabet,2025-Q4,Devices,Subscriptions_Devices,US,consumer,free_consumer,42.0,2100.0,20000.0,,,,,,,,
Alphabet,2025-Q4,Devices,Subscriptions_Devices,EU,consumer,paying_consumer,980.0000000000001,49000.00000000001,20000.0,,,,,,,,
Alphabet,2025-Q4,Devices,Subscriptions_Devices,EU,consumer,streaming_consumer,280.00000000000006,14000.000000000004,20000.0,,,,,,,,
Alphabet,2025-Q4,Devices,Subscriptions_Devices,EU,consumer,free_consumer,28.000000000000004,1400.0000000000002,20000.0,,,,,,,,
Alphabet,2025-Q4,Devices,Subscriptions_Devices,APAC,consumer,paying_consumer,700.0,35000.0,20000.0,,,,,,,,
Alphabet,2025-Q4,Devices,Subscriptions_Devices,APAC,consumer,streaming_consumer,200.0,10000.0,20000.0,,,,,,,,
Alphabet,2025-Q4,Devices,Subscriptions_Devices,APAC,consumer,free_consumer,20.0,1000.0,20000.0,,,,,,,,
Alphabet,2025-Q4,Devices,Subscriptions_Devices,LATAM,consumer,paying_consumer,175.0,8750.0,20000.0,,,,,,,,
Alphabet,2025-Q4,Devices,Subscriptions_Devices,LATAM,consumer,streaming_consumer,50.0,2500.0,20000.0,,,,,,,,
Alphabet,2025-Q4,Devices,Subscriptions_Devices,LATAM,consumer,free_consumer,5.0,250.0,20000.0,,,,,,,,
Alphabet,2025-Q4,Devices,Subscriptions_Devices,ROW,consumer,paying_consumer,175.0,8750.0,20000.0,,,,,,,,
Alphabet,2025-Q4,Devices,Subscriptions_Devices,ROW,consumer,streaming_consumer,50.0,2500.0,20000.0,,,,,,,,
Alphabet,2025-Q4,Devices,Subscriptions_Devices,ROW,consumer,free_consumer,5.0,250.0,20000.0,,,,,,,,
Alphabet,2025-Q4,Other,Other,US,consumer,paying_consumer,125.99999999999999,6299.999999999999,20000.0,,,,,,,,
Alphabet,2025-Q4,Other,Other,US,consumer,streaming_consumer,36.0,1800.0,20000.0,,,,,,,,
Alphabet,2025-Q4,Other,Other,US,consumer,free_consumer,3.6,180.0,20000.0,,,,,,,,
Alphabet,2025-Q4,Other,Other,EU,consumer,paying_consumer,42.0,2100.0,20000.0,,,,,,,,
Alphabet,2025-Q4,Other,Other,EU,consumer,streaming_consumer,12.0,600.0,20000.0,,,,,,,,
Alphabet,2025-Q4,Other,Other,EU,consumer,free_consumer,1.2,60.0,20000.0,,,,,,,,
Alphabet,2025-Q4,Other,Other,APAC,consumer,paying_consumer,31.499999999999996,1574.9999999999998,20000.0,,,,,,,,
Alphabet,2025-Q4,Other,Other,APAC,consumer,streaming_consumer,9.0,450.0,20000.0,,,,,,,,
Alphabet,2025-Q4,Other,Other,APAC,consumer,free_consumer,0.9,45.0,20000.0,,,,,,,,
Alphabet,2025-Q4,Other,Other,LATAM,consumer,paying_consumer,6.3,315.0,20000.0,,,,,,,,
Alphabet,2025-Q4,Other,Other,LATAM,consumer,streaming_consumer,1.8,90.0,20000.0,,,,,,,,
Alphabet,2025-Q4,Other,Other,LATAM,consumer,free_consumer,0.18,9.0,20000.0,,,,,,,,
Alphabet,2025-Q4,Other,Other,ROW,consumer,paying_consumer,4.199999999999999,209.99999999999997,20000.0,,,,,,,,
Alphabet,2025-Q4,Other,Other,ROW,consumer,streaming_consumer,1.2000000000000002,60.00000000000001,20000.0,,,,,,,,
Alphabet,2025-Q4,Other,Other,ROW,consumer,free_consumer,0.12,6.0,20000.0,,,,,,,,
Alphabet,2026-Q1,Search,Advertising,US,advertiser,enterprise_advertiser,16104.000000000002,182364154.18922958,,127809523809.52383,5751428571.428573,0.045,2.8,126.0,126.0,2.8,0.126
Alphabet,2026-Q1,Search,Advertising,US,advertiser,smb_advertiser,10248.0,239557003.63106188,,209142857142.85712,7320000000.0,0.035,1.4,49.00000000000001,49.00000000000001,1.4,0.04900000000000001
Alphabet,2026-Q1,Search,Advertising,US,advertiser,agency_advertiser,2928.0,54008222.39525371,,36600000000.0,1464000000.0,0.04,2.0,80.0,80.0,2.0,0.08
Alphabet,2026-Q1,Search,Advertising,EU,advertiser,enterprise_advertiser,7381.000000000001,78652662.73188752,,58579365079.3651,2636071428.5714293,0.045,2.8,125.99999999999997,125.99999999999997,2.8,0.12599999999999997
Alphabet,2026-Q1,Search,Advertising,EU,advertiser,smb_advertiser,4697.0,107650815.80418526,,95857142857.14285,3355000000.0,0.035,1.4,49.0,49.0,1.4,0.049
Alphabet,2026-Q1,Search,Advertising,EU,advertiser,agency_advertiser,1342.0,24183754.756100647,,16775000000.0,671000000.0,0.04,2.0,80.0,80.0,2.0,0.08
Alphabet,2026-Q1,Search,Advertising,APAC,advertiser,enterprise_advertiser,6039.000000000001,67742381.5395022,,47928571428.57144,2156785714.2857146,0.045,2.8,125.99999999999997,125.99999999999997,2.8,0.12599999999999997
Alphabet,2026-Q1,Search,Advertising,APAC,advertiser,smb_advertiser,3842.9999999999995,102400624.47908776,,78428571428.57143,2745000000.0,0.035,1.4,48.99999999999999,48.99999999999999,1.4,0.048999999999999995
Alphabet,2026-Q1,Search,Advertising,APAC,advertiser,agency_advertiser,1098.0,21063519.543989316,,13725000000.0,549000000.0,0.04,2.0,80.0,80.0,2.0,0.08
Alphabet,2026-Q1,Search,Advertising,LATAM,advertiser,enterprise_advertiser,1677.5000000000002,18578789.11042863,,13313492063.492065,599107142.8571429,0.045,2.8,126.0,126.0,2.8,0.126
Alphabet,2026-Q1,Search,Advertising,LATAM,advertiser,smb_advertiser,1067.5,23668386.48386017,,21785714285.714283,762500000.0,0.035,1.4,49.00000000000001,49.00000000000001,1.4,0.04900000000000001
Alphabet,2026-Q1,Search,Advertising,LATAM,advertiser,agency_advertiser,305.0,5514022.575990122,,3812500000.0,152500000.0,0.04,2.0,80.0,80.0,2.0,0.08
Alphabet,2026-Q1,Search,Advertising,ROW,advertiser,enterprise_advertiser,2348.5,21119015.64848524,,18638888888.88889,838750000.0,0.045,2.8,126.0,126.0,2.8,0.126
Alphabet,2026-Q1,Search,Advertising,ROW,advertiser,smb_advertiser,1494.5,37376809.213145755,,30500000000.0,1067500000.0000001,0.035,1.4,49.0,49.0,1.4,0.049
Alphabet,2026-Q1,Search,Advertising,ROW,advertiser,agency_advertiser,427.0,5792140.407503383,,5337500000.0,213500000.0,0.04,2.0,80.0,80.0,2.0,0.08
Alphabet,2026-Q1,YouTube_Ads,Advertising,US,advertiser,enterprise_advertiser,2673.0,25454044.201239344,,21214285714.285717,954642857.1428572,0.045,2.8,125.99999999999997,125.99999999999997,2.8,0.12599999999999997
Alphabet,2026-Q1,YouTube_Ads,Advertising,US,advertiser,smb_advertiser,1701.0,31286917.346884284,,34714285714.28571,1215000000.0,0.035,1.4,49.0,49.0,1.4,0.049
Alphabet,2026-Q1,YouTube_Ads,Advertising,US,advertiser,agency_advertiser,486.0,9628612.788183652,,6075000000.0,243000000.0,0.04,2.0,80.0,80.0,2.0,0.08
Alphabet,2026-Q1,YouTube_Ads,Advertising,EU,advertiser,enterprise_advertiser,1188.0,14304899.097076304,,9428571428.57143,424285714.2857143,0.045,2.8,125.99999999999997,125.99999999999997,2.8,0.12599999999999997
Alphabet,2026-Q1,YouTube_Ads,Advertising,EU,advertiser,smb_advertiser,756.0,22828883.20897898,,15428571428.571426,540000000.0,0.035,1.4,49.00000000000001,49.00000000000001,1.4,0.04900000000000001
Alphabet,2026-Q1,YouTube_Ads,Advertising,EU,advertiser,agency_advertiser,216.0,2738848.8533356832,,2700000000.0,108000000.0,0.04,2.0,80.0,80.0,2.0,0.08
Alphabet,2026-Q1,YouTube_Ads,Advertising,APAC,advertiser,enterprise_advertiser,1306.8000000000002,11901939.211117283,,10371428571.428576,466714285.71428585,0.045,2.8,125.99999999999997,125.99999999999997,2.8,0.12599999999999997
Alphabet,2026-Q1,YouTube_Ads,Advertising,APAC,advertiser,smb_advertiser,831.5999999999999,18517714.23984421,,16971428571.42857,594000000.0,0.035,1.4,48.99999999999999,48.99999999999999,1.4,0.048999999999999995
Alphabet,2026-Q1,YouTube_Ads,Advertising,APAC,advertiser,agency_advertiser,237.60000000000002,3920377.096546428,,2970000000.0000005,118800000.00000001,0.04,2.0,80.0,80.0,2.0,0.08
Alphabet,2026-Q1,YouTube_Ads,Advertising,LATAM,advertiser,enterprise_advertiser,356.40000000000003,3851659.574605562,,2828571428.5714293,127285714.28571431,0.045,2.8,126.0,126.0,2.8,0.126
Alphabet,2026-Q1,YouTube_Ads,Advertising,LATAM,advertiser,smb_advertiser,226.79999999999998,6487485.643088147,,4628571428.571428,162000000.0,0.035,1.4,48.99999999999999,48.99999999999999,1.4,0.048999999999999995
Alphabet,2026-Q1,YouTube_Ads,Advertising,LATAM,advertiser,agency_advertiser,64.8,837518.3235355782,,810000000.0,32400000.0,0.04,2.0,80.0,80.0,2.0,0.08
Alphabet,2026-Q1,YouTube_Ads,Advertising,ROW,advertiser,enterprise_advertiser,415.80000000000007,4186503.862399744,,3300000000.000001,148500000.00000003,0.045,2.8,125.99999999999997,125.99999999999997,2.8,0.12599999999999997
Alphabet,2026-Q1,YouTube_Ads,Advertising,ROW,advertiser,smb_advertiser,264.6,6296063.042446258,,5400000000.0,189000000.00000003,0.035,1.4,49.00000000000001,49.00000000000001,1.4,0.04900000000000001
Alphabet,2026-Q1,YouTube_Ads,Advertising,ROW,advertiser,agency_advertiser,75.60000000000001,1597152.177133607,,945000000.0000001,37800000.00000001,0.04,2.0,80.0,80.0,2.0,0.08
Alphabet,2026-Q1,Network,Advertising,US,advertiser,enterprise_advertiser,1617.0000000000002,18340194.676105127,,12833333333.333336,577500000.0000001,0.045,2.8,126.0,126.0,2.8,0.126
Alphabet,2026-Q1,Network,Advertising,US,advertiser,smb_advertiser,1029.0,32152172.341536,,20999999999.999996,735000000.0,0.035,1.4,49.00000000000001,49.00000000000001,1.4,0.04900000000000001
Alphabet,2026-Q1,Network,Advertising,US,advertiser,agency_advertiser,294.0,7250395.0972405,,3675000000.0,147000000.0,0.04,2.0,80.0,80.0,2.0,0.08
Alphabet,2026-Q1,Network,Advertising,EU,advertiser,enterprise_advertiser,1010.6250000000001,10241121.304808082,,8020833333.333335,360937500.00000006,0.045,2.8,126.0,126.0,2.8,0.126
Alphabet,2026-Q1,Network,Advertising,EU,advertiser,smb_advertiser,643.125,14229561.37770909,,13124999999.999998,459375000.0,0.035,1.4,49.00000000000001,49.00000000000001,1.4,0.04900000000000001
Alphabet,2026-Q1,Network,Advertising,EU,advertiser,agency_advertiser,183.75,3469216.1561058825,,2296875000.0,91875000.0,0.04,2.0,80.0,80.0,2.0,0.08
Alphabet,2026-Q1,Network,Advertising,APAC,advertiser,enterprise_advertiser,808.5000000000001,9725400.934415337,,6416666666.666668,288750000.00000006,0.045,2.8,126.0,126.0,2.8,0.126
Alphabet,2026-Q1,Network,Advertising,APAC,advertiser,smb_advertiser,514.5,9189791.234328697,,10499999999.999998,367500000.0,0.035,1.4,49.00000000000001,49.00000000000001,1.4,0.04900000000000001
Alphabet,2026-Q1,Network,Advertising,APAC,advertiser,agency_advertiser,147.0,2069219.8784527357,,1837500000.0,73500000.0,0.04,2.0,80.0,80.0,2.0,0.08
Alphabet,2026-Q1,Network,Advertising,LATAM,advertiser,enterprise_advertiser,323.40000000000003,4584974.804752605,,2566666666.6666675,115500000.00000003,0.045,2.8,125.99999999999997,125.99999999999997,2.8,0.12599999999999997
Alphabet,2026-Q1,Network,Advertising,LATAM,advertiser,smb_advertiser,205.79999999999998,6378575.136550651,,4199999999.9999995,147000000.0,0.035,1.4,49.0,49.0,1.4,0.049
Alphabet,2026-Q1,Network,Advertising,LATAM,advertiser,agency_advertiser,58.800000000000004,1225711.0052234884,,735000000.0000001,29400000.000000004,0.04,2.0,80.0,80.0,2.0,0.08
Alphabet,2026-Q1,Network,Advertising,ROW,advertiser,enterprise_advertiser,282.975,3341684.3183209547,,2245833333.3333335,101062500.0,0.045,2.8,126.0,126.0,2.8,0.126
Alphabet,2026-Q1,Network,Advertising,ROW,advertiser,smb_advertiser,180.075,5383559.079132145,,3675000000.0,128625000.00000001,0.035,1.4,49.0,49.0,1.4,0.049
Alphabet,2026-Q1,Network,Advertising,ROW,advertiser,agency_advertiser,51.45,722634.7811261675,,643125000.0,25725000.0,0.04,2.0,80.0,80.0,2.0,0.08
Alphabet,2026-Q1,Cloud,Cloud,US,customer,enterprise,6240.0,12480.0,500000.0,,,,,,,,
Alphabet,2026-Q1,Cloud,Cloud,US,customer,midmarket,2600.0,5200.0,500000.0,,,,,,,,
Alphabet,2026-Q1,Cloud,Cloud,US,customer,smb,1560.0,3120.0,500000.0,,,,,,,,
Alphabet,2026-Q1,Cloud,Cloud,EU,customer,enterprise,2160.0,4320.0,500000.0,,,,,,,,
Alphabet,2026-Q1,Cloud,Cloud,EU,customer,midmarket,900.0,1800.0,500000.0,,,,,,,,
Alphabet,2026-Q1,Cloud,Cloud,EU,customer,smb,540.0,1080.0,500000.0,,,,,,,,
Alphabet,2026-Q1,Cloud,Cloud,APAC,customer,enterprise,2640.0,5280.0,500000.0,,,,,,,,
Alphabet,2026-Q1,Cloud,Cloud,APAC,customer,midmarket,1100.0,2200.0,500000.0,,,,,,,,
Alphabet,2026-Q1,Cloud,Cloud,APAC,customer,smb,660.0,1320.0,500000.0,,,,,,,,
Alphabet,2026-Q1,Cloud,Cloud,LATAM,customer,enterprise,360.0,720.0,500000.0,,,,,,,,
Alphabet,2026-Q1,Cloud,Cloud,LATAM,customer,midmarket,150.0,300.0,500000.0,,,,,,,,
Alphabet,2026-Q1,Cloud,Cloud,LATAM,customer,smb,90.0,180.0,500000.0,,,,,,,,
Alphabet,2026-Q1,Cloud,Cloud,ROW,customer,enterprise,600.0,1200.0,500000.0,,,,,,,,
Alphabet,2026-Q1,Cloud,Cloud,ROW,customer,midmarket,250.0,500.0,500000.0,,,,,,,,
Alphabet,2026-Q1,Cloud,Cloud,ROW,customer,smb,150.0,300.0,500000.0,,,,,,,,
Alphabet,2026-Q1,Subscriptions,Subscriptions_Devices,US,consumer,paying_consumer,2975.0,148750.0,20000.0,,,,,,,,
Alphabet,2026-Q1,Subscriptions,Subscriptions_Devices,US,consumer,streaming_consumer,850.0,42500.0,20000.0,,,,,,,,
Alphabet,2026-Q1,Subscriptions,Subscriptions_Devices,US,consumer,free_consumer,85.0,4250.0,20000.0,,,,,,,,
Alphabet,2026-Q1,Subscriptions,Subscriptions_Devices,EU,consumer,paying_consumer,1487.5,74375.0,20000.0,,,,,,,,
Alphabet,2026-Q1,Subscriptions,Subscriptions_Devices,EU,consumer,streaming_consumer,425.0,21250.0,20000.0,,,,,,,,
Alphabet,2026-Q1,Subscriptions,Subscriptions_Devices,EU,consumer,free_consumer,42.5,2125.0,20000.0,,,,,,,,
Alphabet,2026-Q1,Subscriptions,Subscriptions_Devices,APAC,consumer,paying_consumer,892.5,44625.0,20000.0,,,,,,,,
Alphabet,2026-Q1,Subscriptions,Subscriptions_Devices,APAC,consumer,streaming_consumer,255.0,12750.0,20000.0,,,,,,,,
Alphabet,2026-Q1,Subscriptions,Subscriptions_Devices,APAC,consumer,free_consumer,25.5,1275.0,20000.0,,,,,,,,
Alphabet,2026-Q1,Subscriptions,Subscriptions_Devices,LATAM,consumer,paying_consumer,297.5,14875.0,20000.0,,,,,,,,
Alphabet,2026-Q1,Subscriptions,Subscriptions_Devices,LATAM,consumer,streaming_consumer,85.0,4250.0,20000.0,,,,,,,,
Alphabet,2026-Q1,Subscriptions,Subscriptions_Devices,LATAM,consumer,free_consumer,8.5,425.0,20000.0,,,,,,,,
Alphabet,2026-Q1,Subscriptions,Subscriptions_Devices,ROW,consumer,paying_consumer,297.5,14875.0,20000.0,,,,,,,,
Alphabet,2026-Q1,Subscriptions,Subscriptions_Devices,ROW,consumer,streaming_consumer,85.0,4250.0,20000.0,,,,,,,,
Alphabet,2026-Q1,Subscriptions,Subscriptions_Devices,ROW,consumer,free_consumer,8.5,425.0,20000.0,,,,,,,,
Alphabet,2026-Q1,Devices,Subscriptions_Devices,US,consumer,paying_consumer,1058.3999999999999,52919.99999999999,20000.0,,,,,,,,
Alphabet,2026-Q1,Devices,Subscriptions_Devices,US,consumer,streaming_consumer,302.40000000000003,15120.000000000002,20000.0,,,,,,,,
Alphabet,2026-Q1,Devices,Subscriptions_Devices,US,consumer,free_consumer,30.240000000000002,1512.0,20000.000000000004,,,,,,,,
Alphabet,2026-Q1,Devices,Subscriptions_Devices,EU,consumer,paying_consumer,705.6,35280.0,20000.0,,,,,,,,
Alphabet,2026-Q1,Devices,Subscriptions_Devices,EU,consumer,streaming_consumer,201.60000000000002,10080.000000000002,20000.0,,,,,,,,
Alphabet,2026-Q1,Devices,Subscriptions_Devices,EU,consumer,free_consumer,20.160000000000004,1008.0000000000002,20000.0,,,,,,,,
Alphabet,2026-Q1,Devices,Subscriptions_Devices,APAC,consumer,paying_consumer,503.99999999999994,25199.999999999996,20000.0,,,,,,,,
Alphabet,2026-Q1,Devices,Subscriptions_Devices,APAC,consumer,streaming_consumer,144.0,7200.0,20000.0,,,,,,,,
Alphabet,2026-Q1,Devices,Subscriptions_Devices,APAC,consumer,free_consumer,14.4,720.0,20000.0,,,,,,,,
Alphabet,2026-Q1,Devices,Subscriptions_Devices,LATAM,consumer,paying_consumer,125.99999999999999,6299.999999999999,20000.0,,,,,,,,
Alphabet,2026-Q1,Devices,Subscriptions_Devices,LATAM,consumer,streaming_consumer,36.0,1800.0,20000.0,,,,,,,,
Alphabet,2026-Q1,Devices,Subscriptions_Devices,LATAM,consumer,free_consumer,3.6,180.0,20000.0,,,,,,,,
Alphabet,2026-Q1,Devices,Subscriptions_Devices,ROW,consumer,paying_consumer,125.99999999999999,6299.999999999999,20000.0,,,,,,,,
Alphabet,2026-Q1,Devices,Subscriptions_Devices,ROW,consumer,streaming_consumer,36.0,1800.0,20000.0,,,,,,,,
Alphabet,2026-Q1,Devices,Subscriptions_Devices,ROW,consumer,free_consumer,3.6,180.0,20000.0,,,,,,,,
Alphabet,2026-Q1,Other,Other,US,consumer,paying_consumer,147.0,7350.0,20000.0,,,,,,,,
Alphabet,2026-Q1,Other,Other,US,consumer,streaming_consumer,42.0,2100.0,20000.0,,,,,,,,
Alphabet,2026-Q1,Other,Other,US,consumer,free_consumer,4.2,210.0,20000.0,,,,,,,,
Alphabet,2026-Q1,Other,Other,EU,consumer,paying_consumer,49.0,2450.0,20000.0,,,,,,,,
Alphabet,2026-Q1,Other,Other,EU,consumer,streaming_consumer,14.0,700.0,20000.0,,,,,,,,
Alphabet,2026-Q1,Other,Other,EU,consumer,free_consumer,1.4000000000000001,70.0,20000.000000000004,,,,,,,,
Alphabet,2026-Q1,Other,Other,APAC,consumer,paying_consumer,36.75,1837.5,20000.0,,,,,,,,
Alphabet,2026-Q1,Other,Other,APAC,consumer,streaming_consumer,10.5,525.0,20000.0,,,,,,,,
Alphabet,2026-Q1,Other,Other,APAC,consumer,free_consumer,1.05,52.5,20000.0,,,,,,,,
Alphabet,2026-Q1,Other,Other,LATAM,consumer,paying_consumer,7.35,367.5,20000.0,,,,,,,,
Alphabet,2026-Q1,Other,Other,LATAM,consumer,streaming_consumer,2.1,105.0,20000.0,,,,,,,,
Alphabet,2026-Q1,Other,Other,LATAM,consumer,free_consumer,0.21,10.5,20000.0,,,,,,,,
Alphabet,2026-Q1,Other,Other,ROW,consumer,paying_consumer,4.8999999999999995,244.99999999999997,20000.0,,,,,,,,
Alphabet,2026-Q1,Other,Other,ROW,consumer,streaming_consumer,1.4000000000000001,70.0,20000.000000000004,,,,,,,,
Alphabet,2026-Q1,Other,Other,ROW,consumer,free_consumer,0.14,7.000000000000001,19999.999999999996,,,,,,,,
Alphabet,2026-Q2,Search,Advertising,US,advertiser,enterprise_advertiser,18829.4496,168948981.99216855,,142323882086.16782,6404574693.877551,0.045,2.94,132.29999999999998,132.29999999999998,2.94,0.13229999999999997
Alphabet,2026-Q2,Search,Advertising,US,advertiser,smb_advertiser,8503.6224,259575895.4873237,,173543314285.71426,6074016000.0,0.035,1.4,49.00000000000001,49.00000000000001,1.4,0.04900000000000001
Alphabet,2026-Q2,Search,Advertising,US,advertiser,agency_advertiser,3037.008,66032504.31980466,,37962600000.0,1518504000.0,0.04,2.0,80.0,80.0,2.0,0.08
Alphabet,2026-Q2,Search,Advertising,EU,advertiser,enterprise_advertiser,8630.1644,136349110.86385784,,65231779289.493576,2935430068.0272107,0.045,2.94,132.3,132.3,2.94,0.1323
Alphabet,2026-Q2,Search,Advertising,EU,advertiser,smb_advertiser,3897.4936000000007,90727014.28826761,,79540685714.28572,2783924000.0000005,0.035,1.4,49.0,49.0,1.4,0.049
Alphabet,2026-Q2,Search,Advertising,EU,advertiser,agency_advertiser,1391.9620000000002,29851694.313668612,,17399525000.000004,695981000.0000001,0.04,2.0,80.0,80.0,2.0,0.08
Alphabet,2026-Q2,Search,Advertising,APAC,advertiser,enterprise_advertiser,7061.043599999999,117430607.17943479,,53371455782.31293,2401715510.2040815,0.045,2.94,132.29999999999998,132.29999999999998,2.94,0.13229999999999997
Alphabet,2026-Q2,Search,Advertising,APAC,advertiser,smb_advertiser,3188.8584,82851172.98384206,,65078742857.14285,2277756000.0,0.035,1.4,49.0,49.0,1.4,0.049
Alphabet,2026-Q2,Search,Advertising,APAC,advertiser,agency_advertiser,1138.878,19326549.85525443,,14235975000.0,569439000.0,0.04,2.0,80.0,80.0,2.0,0.08
Alphabet,2026-Q2,Search,Advertising,LATAM,advertiser,enterprise_advertiser,1961.401,24601376.838451926,,14825404383.975813,667143197.2789116,0.045,2.94,132.3,132.3,2.94,0.1323
Alphabet,2026-Q2,Search,Advertising,LATAM,advertiser,smb_advertiser,885.7940000000001,25871542.015117347,,18077428571.428574,632710000.0000001,0.035,1.4,49.0,49.0,1.4,0.049
Alphabet,2026-Q2,Search,Advertising,LATAM,advertiser,agency_advertiser,316.355,6169996.554853778,,3954437500.0,158177500.0,0.04,2.0,80.0,80.0,2.0,0.08
Alphabet,2026-Q2,Search,Advertising,ROW,advertiser,enterprise_advertiser,2745.9614,32952889.896135934,,20755566137.56614,934000476.1904762,0.045,2.94,132.3,132.3,2.94,0.1323
Alphabet,2026-Q2,Search,Advertising,ROW,advertiser,smb_advertiser,1240.1116000000002,31958164.667698223,,25308400000.000004,885794000.0000002,0.035,1.4,49.0,49.0,1.4,0.049
Alphabet,2026-Q2,Search,Advertising,ROW,advertiser,agency_advertiser,442.89700000000005,6872269.469809244,,5536212500.000001,221448500.00000003,0.04,2.0,80.0,80.0,2.0,0.08
Alphabet,2026-Q2,YouTube_Ads,Advertising,US,advertiser,enterprise_advertiser,2736.1125,29428321.405240595,,21715178571.428574,977183035.7142857,0.045,2.8,126.0,126.0,2.8,0.126
Alphabet,2026-Q2,YouTube_Ads,Advertising,US,advertiser,smb_advertiser,1741.1625,57325522.88471499,,35533928571.428566,1243687500.0,0.035,1.4,49.00000000000001,49.00000000000001,1.4,0.04900000000000001
Alphabet,2026-Q2,YouTube_Ads,Advertising,US,advertiser,agency_advertiser,497.475,7861972.769264494,,6218437500.0,248737500.0,0.04,2.0,80.0,80.0,2.0,0.08
Alphabet,2026-Q2,YouTube_Ads,Advertising,EU,advertiser,enterprise_advertiser,1216.0500000000002,12093763.16763075,,9651190476.19048,434303571.4285715,0.045,2.8,125.99999999999997,125.99999999999997,2.8,0.12599999999999997
Alphabet,2026-Q2,YouTube_Ads,Advertising,EU,advertiser,smb_advertiser,773.8499999999999,17398113.99487227,,15792857142.857141,552750000.0,0.035,1.4,48.99999999999999,48.99999999999999,1.4,0.048999999999999995
Alphabet,2026-Q2,YouTube_Ads,Advertising,EU,advertiser,agency_advertiser,221.10000000000002,4889113.49845135,,2763750000.0000005,110550000.00000001,0.04,2.0,80.0,80.0,2.0,0.08
Alphabet,2026-Q2,YouTube_Ads,Advertising,APAC,advertiser,enterprise_advertiser,1337.655,18054215.450998306,,10616309523.809525,477733928.5714286,0.045,2.8,126.0,126.0,2.8,0.126
Alphabet,2026-Q2,YouTube_Ads,Advertising,APAC,advertiser,smb_advertiser,851.2349999999999,15771892.328630313,,17372142857.142857,608025000.0,0.035,1.4,48.99999999999999,48.99999999999999,1.4,0.048999999999999995
Alphabet,2026-Q2,YouTube_Ads,Advertising,APAC,advertiser,agency_advertiser,243.21,4128872.4879001016,,3040125000.0,121605000.0,0.04,2.0,80.0,80.0,2.0,0.08
Alphabet,2026-Q2,YouTube_Ads,Advertising,LATAM,advertiser,enterprise_advertiser,364.815,4463016.616681101,,2895357142.857143,130291071.42857143,0.045,2.8,126.0,126.0,2.8,0.126
Alphabet,2026-Q2,YouTube_Ads,Advertising,LATAM,advertiser,smb_advertiser,232.15499999999997,4724041.059692616,,4737857142.857142,165825000.0,0.035,1.4,48.99999999999999,48.99999999999999,1.4,0.048999999999999995
Alphabet,2026-Q2,YouTube_Ads,Advertising,LATAM,advertiser,agency_advertiser,66.33,1116571.0433047374,,829125000.0,33165000.0,0.04,2.0,80.0,80.0,2.0,0.08
Alphabet,2026-Q2,YouTube_Ads,Advertising,ROW,advertiser,enterprise_advertiser,425.61750000000006,5770142.78514224,,3377916666.6666675,152006250.00000003,0.045,2.8,126.0,126.0,2.8,0.126
Alphabet,2026-Q2,YouTube_Ads,Advertising,ROW,advertiser,smb_advertiser,270.84749999999997,5118420.443045669,,5527499999.999999,193462499.99999997,0.035,1.4,48.99999999999999,48.99999999999999,1.4,0.048999999999999995
Alphabet,2026-Q2,YouTube_Ads,Advertising,ROW,advertiser,agency_advertiser,77.385,1528492.27067907,,967312500.0,38692500.0,0.04,2.0,80.0,80.0,2.0,0.08
Alphabet,2026-Q2,Network,Advertising,US,advertiser,enterprise_advertiser,1606.6600000000003,16669142.144398572,,12751269841.269844,573807142.8571429,0.045,2.8,126.0,126.0,2.8,0.126
Alphabet,2026-Q2,Network,Advertising,US,advertiser,smb_advertiser,1022.4200000000001,21779138.014064368,,20865714285.714287,730300000.0000001,0.035,1.4,49.0,49.0,1.4,0.049
Alphabet,2026-Q2,Network,Advertising,US,advertiser,agency_advertiser,292.12000000000006,4407624.847167337,,3651500000.0000005,146060000.00000003,0.04,2.0,80.0,80.0,2.0,0.08
Alphabet,2026-Q2,Network,Advertising,EU,advertiser,enterprise_advertiser,1004.1625000000001,11304215.962089041,,7969543650.793652,358629464.2857143,0.045,2.8,126.0,126.0,2.8,0.126
Alphabet,2026-Q2,Network,Advertising,EU,advertiser,smb_advertiser,639.0124999999999,20462929.867908448,,13041071428.571426,456437499.99999994,0.035,1.4,49.0,49.0,1.4,0.049
Alphabet,2026-Q2,Network,Advertising,EU,advertiser,agency_advertiser,182.57500000000002,2734462.509759947,,2282187500.0000005,91287500.00000001,0.04,2.0,80.0,80.0,2.0,0.08
Alphabet,2026-Q2,Network,Advertising,APAC,advertiser,enterprise_advertiser,803.3300000000002,12127712.671445986,,6375634920.634922,286903571.42857146,0.045,2.8,126.0,126.0,2.8,0.126
Alphabet,2026-Q2,Network,Advertising,APAC,advertiser,smb_advertiser,511.21000000000004,12849445.760624314,,10432857142.857143,365150000.00000006,0.035,1.4,49.0,49.0,1.4,0.049
Alphabet,2026-Q2,Network,Advertising,APAC,advertiser,agency_advertiser,146.06000000000003,2649144.7444352075,,1825750000.0000002,73030000.00000001,0.04,2.0,80.0,80.0,2.0,0.08
Alphabet,2026-Q2,Network,Advertising,LATAM,advertiser,enterprise_advertiser,321.33200000000005,4021192.649540718,,2550253968.2539687,114761428.5714286,0.045,2.8,126.0,126.0,2.8,0.126
Alphabet,2026-Q2,Network,Advertising,LATAM,advertiser,smb_advertiser,204.48399999999998,4497981.299892007,,4173142857.1428566,146060000.0,0.035,1.4,49.0,49.0,1.4,0.049
Alphabet,2026-Q2,Network,Advertising,LATAM,advertiser,agency_advertiser,58.42400000000001,1060354.8279863056,,730300000.0000001,29212000.000000004,0.04,2.0,80.0,80.0,2.0,0.08
Alphabet,2026-Q2,Network,Advertising,ROW,advertiser,enterprise_advertiser,281.16550000000007,4078903.546253304,,2231472222.222223,100416250.00000003,0.045,2.8,126.0,126.0,2.8,0.126
Alphabet,2026-Q2,Network,Advertising,ROW,advertiser,smb_advertiser,178.9235,5586626.869428404,,3651500000.0,127802500.00000001,0.035,1.4,49.0,49.0,1.4,0.049
Alphabet,2026-Q2,Network,Advertising,ROW,advertiser,agency_advertiser,51.12100000000001,730759.3994176342,,639012500.0000001,25560500.000000004,0.04,2.0,80.0,80.0,2.0,0.08
Alphabet,2026-Q2,Cloud,Cloud,US,customer,enterprise,8421.12,16842.24,500000.0,,,,,,,,
Alphabet,2026-Q2,Cloud,Cloud,US,customer,midmarket,2476.8,4953.6,499999.99999999994,,,,,,,,
Alphabet,2026-Q2,Cloud,Cloud,US,customer,smb,1486.08,2972.16,500000.0,,,,,,,,
Alphabet,2026-Q2,Cloud,Cloud,EU,customer,enterprise,2694.7584,5389.5168,499999.99999999994,,,,,,,,
Alphabet,2026-Q2,Cloud,Cloud,EU,customer,midmarket,792.576,1585.152,500000.0,,,,,,,,
Alphabet,2026-Q2,Cloud,Cloud,EU,customer,smb,475.5456,951.0912,500000.0,,,,,,,,
Alphabet,2026-Q2,Cloud,Cloud,APAC,customer,enterprise,4378.982400000001,8757.964800000002,500000.0,,,,,,,,
Alphabet,2026-Q2,Cloud,Cloud,APAC,customer,midmarket,1287.9360000000001,2575.8720000000003,500000.00000000006,,,,,,,,
Alphabet,2026-Q2,Cloud,Cloud,APAC,customer,smb,772.7616,1545.5232,500000.0,,,,,,,,
Alphabet,2026-Q2,Cloud,Cloud,LATAM,customer,enterprise,505.2672,1010.5344,500000.0,,,,,,,,
Alphabet,2026-Q2,Cloud,Cloud,LATAM,customer,midmarket,148.608,297.216,500000.0,,,,,,,,
Alphabet,2026-Q2,Cloud,Cloud,LATAM,customer,smb,89.16479999999999,178.32959999999997,500000.0,,,,,,,,
Alphabet,2026-Q2,Cloud,Cloud,ROW,customer,enterprise,842.1120000000001,1684.2240000000002,500000.0,,,,,,,,
Alphabet,2026-Q2,Cloud,Cloud,ROW,customer,midmarket,247.68000000000004,495.36000000000007,500000.0,,,,,,,,
Alphabet,2026-Q2,Cloud,Cloud,ROW,customer,smb,148.608,297.216,500000.0,,,,,,,,
Alphabet,2026-Q2,Subscriptions,Subscriptions_Devices,US,consumer,paying_consumer,3150.0,157500.0,20000.0,,,,,,,,
Alphabet,2026-Q2,Subscriptions,Subscriptions_Devices,US,consumer,streaming_consumer,900.0,45000.0,20000.0,,,,,,,,
Alphabet,2026-Q2,Subscriptions,Subscriptions_Devices,US,consumer,free_consumer,90.0,4500.0,20000.0,,,,,,,,
Alphabet,2026-Q2,Subscriptions,Subscriptions_Devices,EU,consumer,paying_consumer,1575.0,78750.0,20000.0,,,,,,,,
Alphabet,2026-Q2,Subscriptions,Subscriptions_Devices,EU,consumer,streaming_consumer,450.0,22500.0,20000.0,,,,,,,,
Alphabet,2026-Q2,Subscriptions,Subscriptions_Devices,EU,consumer,free_consumer,45.0,2250.0,20000.0,,,,,,,,
Alphabet,2026-Q2,Subscriptions,Subscriptions_Devices,APAC,consumer,paying_consumer,944.9999999999999,47249.99999999999,20000.0,,,,,,,,
Alphabet,2026-Q2,Subscriptions,Subscriptions_Devices,APAC,consumer,streaming_consumer,270.0,13500.0,20000.0,,,,,,,,
Alphabet,2026-Q2,Subscriptions,Subscriptions_Devices,APAC,consumer,free_consumer,27.0,1350.0,20000.0,,,,,,,,
Alphabet,2026-Q2,Subscriptions,Subscriptions_Devices,LATAM,consumer,paying_consumer,315.0,15750.0,20000.0,,,,,,,,
Alphabet,2026-Q2,Subscriptions,Subscriptions_Devices,LATAM,consumer,streaming_consumer,90.0,4500.0,20000.0,,,,,,,,
Alphabet,2026-Q2,Subscriptions,Subscriptions_Devices,LATAM,consumer,free_consumer,9.0,450.0,20000.0,,,,,,,,
Alphabet,2026-Q2,Subscriptions,Subscriptions_Devices,ROW,consumer,paying_consumer,315.0,15750.0,20000.0,,,,,,,,
Alphabet,2026-Q2,Subscriptions,Subscriptions_Devices,ROW,consumer,streaming_consumer,90.0,4500.0,20000.0,,,,,,,,
Alphabet,2026-Q2,Subscriptions,Subscriptions_Devices,ROW,consumer,free_consumer,9.0,450.0,20000.0,,,,,,,,
Alphabet,2026-Q2,Devices,Subscriptions_Devices,US,consumer,paying_consumer,1149.8339999999998,57491.69999999999,20000.0,,,,,,,,
Alphabet,2026-Q2,Devices,Subscriptions_Devices,US,consumer,streaming_consumer,328.524,16426.2,20000.0,,,,,,,,
Alphabet,2026-Q2,Devices,Subscriptions_Devices,US,consumer,free_consumer,32.852399999999996,1642.62,20000.0,,,,,,,,
Alphabet,2026-Q2,Devices,Subscriptions_Devices,EU,consumer,paying_consumer,766.556,38327.8,20000.0,,,,,,,,
Alphabet,2026-Q2,Devices,Subscriptions_Devices,EU,consumer,streaming_consumer,219.01600000000005,10950.800000000003,20000.0,,,,,,,,
Alphabet,2026-Q2,Devices,Subscriptions_Devices,EU,consumer,free_consumer,21.901600000000002,1095.0800000000002,20000.0,,,,,,,,
Alphabet,2026-Q2,Devices,Subscriptions_Devices,APAC,consumer,paying_consumer,547.54,27377.0,20000.0,,,,,,,,
Alphabet,2026-Q2,Devices,Subscriptions_Devices,APAC,consumer,streaming_consumer,156.44000000000003,7822.000000000001,20000.0,,,,,,,,
Alphabet,2026-Q2,Devices,Subscriptions_Devices,APAC,consumer,free_consumer,15.644000000000002,782.2,20000.0,,,,,,,,
Alphabet,2026-Q2,Devices,Subscriptions_Devices,LATAM,consumer,paying_consumer,136.885,6844.25,20000.0,,,,,,,,
Alphabet,2026-Q2,Devices,Subscriptions_Devices,LATAM,consumer,streaming_consumer,39.11000000000001,1955.5000000000002,20000.0,,,,,,,,
Alphabet,2026-Q2,Devices,Subscriptions_Devices,LATAM,consumer,free_consumer,3.9110000000000005,195.55,20000.0,,,,,,,,
Alphabet,2026-Q2,Devices,Subscriptions_Devices,ROW,consumer,paying_consumer,136.885,6844.25,20000.0,,,,,,,,
Alphabet,2026-Q2,Devices,Subscriptions_Devices,ROW,consumer,streaming_consumer,39.11000000000001,1955.5000000000002,20000.0,,,,,,,,
Alphabet,2026-Q2,Devices,Subscriptions_Devices,ROW,consumer,free_consumer,3.9110000000000005,195.55,20000.0,,,,,,,,
Alphabet,2026-Q2,Other,Other,US,consumer,paying_consumer,204.96,10248.0,20000.0,,,,,,,,
Alphabet,2026-Q2,Other,Other,US,consumer,streaming_consumer,58.56,2928.0,20000.0,,,,,,,,
Alphabet,2026-Q2,Other,Other,US,consumer,free_consumer,5.856000000000001,292.8,20000.000000000004,,,,,,,,
Alphabet,2026-Q2,Other,Other,EU,consumer,paying_consumer,68.32000000000001,3416.0000000000005,19999.999999999996,,,,,,,,
Alphabet,2026-Q2,Other,Other,EU,consumer,streaming_consumer,19.520000000000003,976.0000000000001,20000.0,,,,,,,,
Alphabet,2026-Q2,Other,Other,EU,consumer,free_consumer,1.9520000000000002,97.60000000000001,20000.0,,,,,,,,
Alphabet,2026-Q2,Other,Other,APAC,consumer,paying_consumer,51.24,2562.0,20000.0,,,,,,,,
Alphabet,2026-Q2,Other,Other,APAC,consumer,streaming_consumer,14.64,732.0,20000.0,,,,,,,,
Alphabet,2026-Q2,Other,Other,APAC,consumer,free_consumer,1.4640000000000002,73.2,20000.000000000004,,,,,,,,
Alphabet,2026-Q2,Other,Other,LATAM,consumer,paying_consumer,10.248,512.4,20000.0,,,,,,,,
Alphabet,2026-Q2,Other,Other,LATAM,consumer,streaming_consumer,2.928,146.4,20000.0,,,,,,,,
Alphabet,2026-Q2,Other,Other,LATAM,consumer,free_consumer,0.2928,14.64,20000.0,,,,,,,,
Alphabet,2026-Q2,Other,Other,ROW,consumer,paying_consumer,6.832,341.59999999999997,20000.000000000004,,,,,,,,
Alphabet,2026-Q2,Other,Other,ROW,consumer,streaming_consumer,1.952,97.6,20000.0,,,,,,,,
Alphabet,2026-Q2,Other,Other,ROW,consumer,free_consumer,0.1952,9.76,20000.0,,,,,,,,
