company,quarter,product_segment,geography,user_segment,revenue_model,active_users,subscription_revenue_usd,ad_revenue_usd,revenue_usd,arpu,ad_impressions,ctr,ad_clicks,cpc,ecpm
OmniCorp,2025-Q2,OmniCorp_Core,NA,Consumer_Standard,ad_supported,1873872,47517447.02,2368574.45,49886021.47,26.62,104619013.0,0.0071,742110.0,3.19,22.64
OmniCorp,2025-Q3,OmniCorp_Core,NA,Consumer_Standard,ad_supported,1806685,44750713.67,4527564.47,49278278.14,27.28,174876959.0,0.0136,2385005.0,1.9,25.89
OmniCorp,2025-Q4,OmniCorp_Core,NA,Consumer_Standard,ad_supported,1830763,46634332.5,4189635.88,50823968.38,27.76,175739760.0,0.0084,1480101.0,2.83,23.84
OmniCorp,2026-Q1,OmniCorp_Core,NA,Consumer_Standard,ad_supported,1766207,44719865.79,3864690.78,48584556.57,27.51,207779074.0,0.0104,2170338.0,1.78,18.6
OmniCorp,2026-Q2,OmniCorp_Core,NA,Consumer_Standard,ad_supported,1903607,46990293.93,6314488.57,53304782.5,28.0,256061986.0,0.0099,2546177.0,2.48,24.66
OmniCorp,2025-Q2,OmniCorp_Core,NA,Consumer_Premium,subscription,6467045,281043236.72,,281043236.72,43.46,,,,,
OmniCorp,2025-Q3,OmniCorp_Core,NA,Consumer_Premium,subscription,6847185,291449753.23,,291449753.23,42.56,,,,,
OmniCorp,2025-Q4,OmniCorp_Core,NA,Consumer_Premium,subscription,6263668,263891365.76,,263891365.76,42.13,,,,,
OmniCorp,2026-Q1,OmniCorp_Core,NA,Consumer_Premium,subscription,6511733,287833437.6,,287833437.6,44.2,,,,,
OmniCorp,2026-Q2,OmniCorp_Core,NA,Consumer_Premium,subscription,6351243,267402242.26,,267402242.26,42.1,,,,,
OmniCorp,2025-Q2,OmniCorp_Core,NA,Enterprise_SMB,subscription,70361,126229936.53,,126229936.53,1794.03,,,,,
OmniCorp,2025-Q3,OmniCorp_Core,NA,Enterprise_SMB,subscription,67028,119335248.09,,119335248.09,1780.38,,,,,
OmniCorp,2025-Q4,OmniCorp_Core,NA,Enterprise_SMB,subscription,68879,122589987.89,,122589987.89,1779.79,,,,,
OmniCorp,2026-Q1,OmniCorp_Core,NA,Enterprise_SMB,subscription,70664,125782131.99,,125782131.99,1780.0,,,,,
OmniCorp,2026-Q2,OmniCorp_Core,NA,Enterprise_SMB,subscription,70209,124491322.92,,124491322.92,1773.15,,,,,
OmniCorp,2025-Q2,OmniCorp_Core,NA,Enterprise_Corp,subscription,6647,499301044.85,,499301044.85,75116.75,,,,,
OmniCorp,2025-Q3,OmniCorp_Core,NA,Enterprise_Corp,subscription,6434,495572884.58,,495572884.58,77024.07,,,,,
OmniCorp,2025-Q4,OmniCorp_Core,NA,Enterprise_Corp,subscription,6362,492427881.4,,492427881.4,77401.43,,,,,
OmniCorp,2026-Q1,OmniCorp_Core,NA,Enterprise_Corp,subscription,6841,521692633.63,,521692633.63,76259.7,,,,,
OmniCorp,2026-Q2,OmniCorp_Core,NA,Enterprise_Corp,subscription,6723,502076839.14,,502076839.14,74680.48,,,,,
OmniCorp,2025-Q2,OmniCorp_Core,NA,Advertiser,advertiser,475,,9235253.37,9235253.37,19442.64,356435869.0,0.0172,6121211.0,1.51,25.91
OmniCorp,2025-Q3,OmniCorp_Core,NA,Advertiser,advertiser,465,,5882260.86,5882260.86,12650.02,277465135.0,0.0089,2468677.0,2.38,21.2
OmniCorp,2025-Q4,OmniCorp_Core,NA,Advertiser,advertiser,457,,5574305.8,5574305.8,12197.61,219115794.0,0.0168,3672806.0,1.52,25.44
OmniCorp,2026-Q1,OmniCorp_Core,NA,Advertiser,advertiser,475,,6785938.25,6785938.25,14286.19,282394434.0,0.0158,4469485.0,1.52,24.03
OmniCorp,2026-Q2,OmniCorp_Core,NA,Advertiser,advertiser,467,,10780783.08,10780783.08,23085.19,428148653.0,0.0159,6828067.0,1.58,25.18
OmniCorp,2025-Q2,OmniCorp_Core,EMEA,Consumer_Standard,ad_supported,8216213,153834929.88,9756566.35,163591496.23,19.91,791286809.0,0.0107,8470364.0,1.15,12.33
OmniCorp,2025-Q3,OmniCorp_Core,EMEA,Consumer_Standard,ad_supported,8060013,143011158.99,4683603.14,147694762.13,18.32,443943426.0,0.007,3121766.0,1.5,10.55
OmniCorp,2025-Q4,OmniCorp_Core,EMEA,Consumer_Standard,ad_supported,8193646,148324522.38,7765209.02,156089731.4,19.05,619235169.0,0.0149,9225170.0,0.84,12.54
OmniCorp,2026-Q1,OmniCorp_Core,EMEA,Consumer_Standard,ad_supported,8287774,149921355.94,7962188.33,157883544.27,19.05,632421631.0,0.0081,5154194.0,1.54,12.59
OmniCorp,2026-Q2,OmniCorp_Core,EMEA,Consumer_Standard,ad_supported,8316422,147407968.75,7868858.27,155276827.02,18.67,666852396.0,0.0117,7810980.0,1.01,11.8
OmniCorp,2025-Q2,OmniCorp_Core,EMEA,Consumer_Premium,subscription,3320539,129378235.36,,129378235.36,38.96,,,,,
OmniCorp,2025-Q3,OmniCorp_Core,EMEA,Consumer_Premium,subscription,3384843,136336251.89,,136336251.89,40.28,,,,,
OmniCorp,2025-Q4,OmniCorp_Core,EMEA,Consumer_Premium,subscription,3354378,126648198.8,,126648198.8,37.76,,,,,
OmniCorp,2026-Q1,OmniCorp_Core,EMEA,Consumer_Premium,subscription,3403203,132557615.14,,132557615.14,38.95,,,,,
OmniCorp,2026-Q2,OmniCorp_Core,EMEA,Consumer_Premium,subscription,3540818,140010466.34,,140010466.34,39.54,,,,,
OmniCorp,2025-Q2,OmniCorp_Core,EMEA,Enterprise_SMB,subscription,154143,79455771.6,,79455771.6,515.47,,,,,
OmniCorp,2025-Q3,OmniCorp_Core,EMEA,Enterprise_SMB,subscription,143502,74466295.79,,74466295.79,518.92,,,,,
OmniCorp,2025-Q4,OmniCorp_Core,EMEA,Enterprise_SMB,subscription,144766,74263864.57,,74263864.57,512.99,,,,,
OmniCorp,2026-Q1,OmniCorp_Core,EMEA,Enterprise_SMB,subscription,149953,79205168.89,,79205168.89,528.2,,,,,
OmniCorp,2026-Q2,OmniCorp_Core,EMEA,Enterprise_SMB,subscription,139296,72120397.82,,72120397.82,517.75,,,,,
OmniCorp,2025-Q2,OmniCorp_Core,EMEA,Enterprise_Corp,subscription,11953,175495858.79,,175495858.79,14682.16,,,,,
OmniCorp,2025-Q3,OmniCorp_Core,EMEA,Enterprise_Corp,subscription,11343,151503580.02,,151503580.02,13356.57,,,,,
OmniCorp,2025-Q4,OmniCorp_Core,EMEA,Enterprise_Corp,subscription,10361,142811162.59,,142811162.59,13783.53,,,,,
OmniCorp,2026-Q1,OmniCorp_Core,EMEA,Enterprise_Corp,subscription,10869,147291923.05,,147291923.05,13551.56,,,,,
OmniCorp,2026-Q2,OmniCorp_Core,EMEA,Enterprise_Corp,subscription,10947,149369668.98,,149369668.98,13644.8,,,,,
OmniCorp,2025-Q2,OmniCorp_Core,EMEA,Advertiser,advertiser,3174,,7075693.2,7075693.2,2229.27,635731644.0,0.0099,6266651.0,1.13,11.13
OmniCorp,2025-Q3,OmniCorp_Core,EMEA,Advertiser,advertiser,3010,,36149516.97,36149516.97,12009.81,1719767696.0,0.0145,24972915.0,1.45,21.02
OmniCorp,2025-Q4,OmniCorp_Core,EMEA,Advertiser,advertiser,3009,,10288869.95,10288869.95,3419.37,406996438.0,0.0111,4517292.0,2.28,25.28
OmniCorp,2026-Q1,OmniCorp_Core,EMEA,Advertiser,advertiser,2975,,17449745.77,17449745.77,5865.46,928671941.0,0.0177,16461910.0,1.06,18.79
OmniCorp,2026-Q2,OmniCorp_Core,EMEA,Advertiser,advertiser,3045,,33570182.43,33570182.43,11024.69,2142321789.0,0.0158,33815025.0,0.99,15.67
OmniCorp,2025-Q2,OmniCorp_Digital,NA,Consumer_Standard,ad_supported,4233782,139714806.0,14625793.93,154340599.93,36.45,624233629.0,0.0106,6644395.0,2.2,23.43
OmniCorp,2025-Q3,OmniCorp_Digital,NA,Consumer_Standard,ad_supported,4398273,145143009.0,12856758.18,157999767.18,35.92,532591474.0,0.0143,7626106.0,1.69,24.14
OmniCorp,2025-Q4,OmniCorp_Digital,NA,Consumer_Standard,ad_supported,4431617,146243361.0,20474906.98,166718267.98,37.62,676856429.0,0.0069,4667278.0,4.39,30.25
OmniCorp,2026-Q1,OmniCorp_Digital,NA,Consumer_Standard,ad_supported,4458888,147143304.0,4815763.92,151959067.92,34.08,292573750.0,0.0154,4501051.0,1.07,16.46
OmniCorp,2026-Q2,OmniCorp_Digital,NA,Consumer_Standard,ad_supported,4078884,134603172.0,13542619.38,148145791.38,36.32,639406014.0,0.011,7023641.0,1.93,21.18
OmniCorp,2025-Q2,OmniCorp_Digital,NA,Consumer_Premium,subscription,3944939,168221289.0,,168221289.0,42.64,,,,,
OmniCorp,2025-Q3,OmniCorp_Digital,NA,Consumer_Premium,subscription,3845881,161527002.0,,161527002.0,42.0,,,,,
OmniCorp,2025-Q4,OmniCorp_Digital,NA,Consumer_Premium,subscription,3756018,157752756.0,,157752756.0,42.0,,,,,
OmniCorp,2026-Q1,OmniCorp_Digital,NA,Consumer_Premium,subscription,3604215,151377030.0,,151377030.0,42.0,,,,,
OmniCorp,2026-Q2,OmniCorp_Digital,NA,Consumer_Premium,subscription,3718991,161825202.7,,161825202.7,43.51,,,,,
OmniCorp,2025-Q2,OmniCorp_Digital,NA,Enterprise_SMB,subscription,19691,13890568.36,,13890568.36,705.43,,,,,
OmniCorp,2025-Q3,OmniCorp_Digital,NA,Enterprise_SMB,subscription,20717,14930720.56,,14930720.56,720.7,,,,,
OmniCorp,2025-Q4,OmniCorp_Digital,NA,Enterprise_SMB,subscription,20949,14841984.82,,14841984.82,708.48,,,,,
OmniCorp,2026-Q1,OmniCorp_Digital,NA,Enterprise_SMB,subscription,19544,13822659.27,,13822659.27,707.26,,,,,
OmniCorp,2026-Q2,OmniCorp_Digital,NA,Enterprise_SMB,subscription,20192,14423583.88,,14423583.88,714.32,,,,,
OmniCorp,2025-Q2,OmniCorp_Digital,NA,Enterprise_Corp,subscription,20749,437273122.34,,437273122.34,21074.42,,,,,
OmniCorp,2025-Q3,OmniCorp_Digital,NA,Enterprise_Corp,subscription,22481,493036795.15,,493036795.15,21931.27,,,,,
OmniCorp,2025-Q4,OmniCorp_Digital,NA,Enterprise_Corp,subscription,20076,417710020.96,,417710020.96,20806.44,,,,,
OmniCorp,2026-Q1,OmniCorp_Digital,NA,Enterprise_Corp,subscription,19641,405562845.69,,405562845.69,20648.79,,,,,
OmniCorp,2026-Q2,OmniCorp_Digital,NA,Enterprise_Corp,subscription,20910,451290645.15,,451290645.15,21582.53,,,,,
OmniCorp,2025-Q2,OmniCorp_Digital,NA,Advertiser,advertiser,1370,,24529542.09,24529542.09,17904.78,988297425.0,0.0098,9636238.0,2.55,24.82
OmniCorp,2025-Q3,OmniCorp_Digital,NA,Advertiser,advertiser,1359,,59013478.69,59013478.69,43424.19,1447118163.0,0.0081,11767702.0,5.01,40.78
OmniCorp,2025-Q4,OmniCorp_Digital,NA,Advertiser,advertiser,1339,,28441050.79,28441050.79,21240.52,1356273285.0,0.0256,34748085.0,0.82,20.97
OmniCorp,2026-Q1,OmniCorp_Digital,NA,Advertiser,advertiser,1383,,37467278.65,37467278.65,27091.31,1412260786.0,0.0101,14196852.0,2.64,26.53
OmniCorp,2026-Q2,OmniCorp_Digital,NA,Advertiser,advertiser,1439,,13369297.23,13369297.23,9290.69,676926442.0,0.0135,9114616.0,1.47,19.75
OmniCorp,2025-Q2,OmniCorp_Digital,EMEA,Consumer_Standard,ad_supported,8624842,115318057.45,7401072.78,122719130.23,14.23,441065124.0,0.0124,5475653.0,1.35,16.78
OmniCorp,2025-Q3,OmniCorp_Digital,EMEA,Consumer_Standard,ad_supported,8751457,117356017.58,10278007.74,127634025.32,14.58,901579626.0,0.011,9917604.0,1.04,11.4
OmniCorp,2025-Q4,OmniCorp_Digital,EMEA,Consumer_Standard,ad_supported,8799803,116701486.18,9621747.15,126323233.33,14.36,648365711.0,0.0157,10192350.0,0.94,14.84
OmniCorp,2026-Q1,OmniCorp_Digital,EMEA,Consumer_Standard,ad_supported,8475759,109845836.64,18062064.58,127907901.22,15.09,1193791446.0,0.0118,14072709.0,1.28,15.13
OmniCorp,2026-Q2,OmniCorp_Digital,EMEA,Consumer_Standard,ad_supported,8181138,111260952.7,14827872.95,126088825.65,15.41,1217395152.0,0.0077,9335847.0,1.59,12.18
OmniCorp,2025-Q2,OmniCorp_Digital,EMEA,Consumer_Premium,subscription,4102186,153339961.46,,153339961.46,37.38,,,,,
OmniCorp,2025-Q3,OmniCorp_Digital,EMEA,Consumer_Premium,subscription,4107929,154532287.92,,154532287.92,37.62,,,,,
OmniCorp,2025-Q4,OmniCorp_Digital,EMEA,Consumer_Premium,subscription,4354203,152791668.38,,152791668.38,35.09,,,,,
OmniCorp,2026-Q1,OmniCorp_Digital,EMEA,Consumer_Premium,subscription,4110091,154705111.79,,154705111.79,37.64,,,,,
OmniCorp,2026-Q2,OmniCorp_Digital,EMEA,Consumer_Premium,subscription,4186231,155437127.73,,155437127.73,37.13,,,,,
OmniCorp,2025-Q2,OmniCorp_Digital,EMEA,Enterprise_SMB,subscription,135295,141500229.76,,141500229.76,1045.86,,,,,
OmniCorp,2025-Q3,OmniCorp_Digital,EMEA,Enterprise_SMB,subscription,126706,129795805.6,,129795805.6,1024.39,,,,,
OmniCorp,2025-Q4,OmniCorp_Digital,EMEA,Enterprise_SMB,subscription,132266,132447714.92,,132447714.92,1001.37,,,,,
OmniCorp,2026-Q1,OmniCorp_Digital,EMEA,Enterprise_SMB,subscription,128924,128225247.03,,128225247.03,994.58,,,,,
OmniCorp,2026-Q2,OmniCorp_Digital,EMEA,Enterprise_SMB,subscription,139779,142210019.73,,142210019.73,1017.39,,,,,
OmniCorp,2025-Q2,OmniCorp_Digital,EMEA,Enterprise_Corp,subscription,20601,612286095.41,,612286095.41,29721.18,,,,,
OmniCorp,2025-Q3,OmniCorp_Digital,EMEA,Enterprise_Corp,subscription,20601,598953504.91,,598953504.91,29074.0,,,,,
OmniCorp,2025-Q4,OmniCorp_Digital,EMEA,Enterprise_Corp,subscription,20086,573173853.41,,573173853.41,28535.99,,,,,
OmniCorp,2026-Q1,OmniCorp_Digital,EMEA,Enterprise_Corp,subscription,19805,578071914.4,,578071914.4,29188.18,,,,,
OmniCorp,2026-Q2,OmniCorp_Digital,EMEA,Enterprise_Corp,subscription,19469,565413930.06,,565413930.06,29041.76,,,,,
OmniCorp,2025-Q2,OmniCorp_Digital,EMEA,Advertiser,advertiser,1907,,6576308.77,6576308.77,3448.51,327505417.0,0.0213,6970161.0,0.94,20.08
OmniCorp,2025-Q3,OmniCorp_Digital,EMEA,Advertiser,advertiser,1816,,29963173.78,29963173.78,16499.55,1303880495.0,0.0119,15551227.0,1.93,22.98
OmniCorp,2025-Q4,OmniCorp_Digital,EMEA,Advertiser,advertiser,1962,,17869111.61,17869111.61,9107.6,1392760063.0,0.0141,19681271.0,0.91,12.83
OmniCorp,2026-Q1,OmniCorp_Digital,EMEA,Advertiser,advertiser,1876,,7775744.11,7775744.11,4144.85,879609062.0,0.0164,14456415.0,0.54,8.84
OmniCorp,2026-Q2,OmniCorp_Digital,EMEA,Advertiser,advertiser,1940,,11587561.85,11587561.85,5972.97,1197062175.0,0.0205,24497684.0,0.47,9.68
AlphaMedia,2025-Q2,AlphaMedia_Core,NA,Consumer_Standard,ad_supported,2942088,60856558.3,9516893.21,70373451.51,23.92,496965703.0,0.0135,6728792.0,1.41,19.15
AlphaMedia,2025-Q3,AlphaMedia_Core,NA,Consumer_Standard,ad_supported,3199118,65528041.16,15510361.47,81038402.63,25.33,664255309.0,0.0117,7773914.0,2.0,23.35
AlphaMedia,2025-Q4,AlphaMedia_Core,NA,Consumer_Standard,ad_supported,3019159,60024986.67,7204129.52,67229116.19,22.27,266819612.0,0.0122,3241906.0,2.22,27.0
AlphaMedia,2026-Q1,AlphaMedia_Core,NA,Consumer_Standard,ad_supported,2998214,59641986.62,9680562.75,69322549.37,23.12,541115861.0,0.0088,4745172.0,2.04,17.89
AlphaMedia,2026-Q2,AlphaMedia_Core,NA,Consumer_Standard,ad_supported,3133507,63836613.58,10177778.13,74014391.71,23.62,387282273.0,0.015,5804153.0,1.75,26.28
AlphaMedia,2025-Q2,AlphaMedia_Core,NA,Consumer_Premium,subscription,10054946,573131922.0,,573131922.0,57.0,,,,,
AlphaMedia,2025-Q3,AlphaMedia_Core,NA,Consumer_Premium,subscription,9796623,528035162.81,,528035162.81,53.9,,,,,
AlphaMedia,2025-Q4,AlphaMedia_Core,NA,Consumer_Premium,subscription,10412225,583857378.54,,583857378.54,56.07,,,,,
AlphaMedia,2026-Q1,AlphaMedia_Core,NA,Consumer_Premium,subscription,9903127,564478239.0,,564478239.0,57.0,,,,,
AlphaMedia,2026-Q2,AlphaMedia_Core,NA,Consumer_Premium,subscription,9321300,512274166.81,,512274166.81,54.96,,,,,
AlphaMedia,2025-Q2,AlphaMedia_Core,NA,Enterprise_SMB,subscription,143752,192658259.82,,192658259.82,1340.21,,,,,
AlphaMedia,2025-Q3,AlphaMedia_Core,NA,Enterprise_SMB,subscription,142954,182503056.72,,182503056.72,1276.66,,,,,
AlphaMedia,2025-Q4,AlphaMedia_Core,NA,Enterprise_SMB,subscription,130325,172654057.24,,172654057.24,1324.8,,,,,
AlphaMedia,2026-Q1,AlphaMedia_Core,NA,Enterprise_SMB,subscription,139301,186396771.92,,186396771.92,1338.09,,,,,
AlphaMedia,2026-Q2,AlphaMedia_Core,NA,Enterprise_SMB,subscription,145033,192538376.19,,192538376.19,1327.55,,,,,
AlphaMedia,2025-Q2,AlphaMedia_Core,NA,Enterprise_Corp,subscription,9470,188653070.1,,188653070.1,19921.13,,,,,
AlphaMedia,2025-Q3,AlphaMedia_Core,NA,Enterprise_Corp,subscription,9168,179463993.04,,179463993.04,19575.04,,,,,
AlphaMedia,2025-Q4,AlphaMedia_Core,NA,Enterprise_Corp,subscription,9460,189793857.16,,189793857.16,20062.78,,,,,
AlphaMedia,2026-Q1,AlphaMedia_Core,NA,Enterprise_Corp,subscription,9268,184588788.92,,184588788.92,19916.79,,,,,
AlphaMedia,2026-Q2,AlphaMedia_Core,NA,Enterprise_Corp,subscription,9310,182525453.22,,182525453.22,19605.31,,,,,
AlphaMedia,2025-Q2,AlphaMedia_Core,NA,Advertiser,advertiser,987,,13997827.97,13997827.97,14182.2,584948933.0,0.006,3509693.0,3.99,23.93
AlphaMedia,2025-Q3,AlphaMedia_Core,NA,Advertiser,advertiser,1088,,53011615.64,53011615.64,48723.91,1473773023.0,0.0184,27053859.0,1.96,35.97
AlphaMedia,2025-Q4,AlphaMedia_Core,NA,Advertiser,advertiser,1058,,29766807.16,29766807.16,28134.98,1218453015.0,0.0107,12977020.0,2.29,24.43
AlphaMedia,2026-Q1,AlphaMedia_Core,NA,Advertiser,advertiser,1006,,24619655.68,24619655.68,24472.82,642475357.0,0.0172,11059789.0,2.23,38.32
AlphaMedia,2026-Q2,AlphaMedia_Core,NA,Advertiser,advertiser,1010,,31112188.85,31112188.85,30804.15,1143410101.0,0.0159,18178835.0,1.71,27.21
AlphaMedia,2025-Q2,AlphaMedia_Core,EMEA,Consumer_Standard,ad_supported,1595660,32673536.88,1714524.13,34388061.01,21.55,147676497.0,0.0078,1150509.0,1.49,11.61
AlphaMedia,2025-Q3,AlphaMedia_Core,EMEA,Consumer_Standard,ad_supported,1568980,32463547.54,4316202.02,36779749.56,23.44,243440610.0,0.0121,2942166.0,1.47,17.73
AlphaMedia,2025-Q4,AlphaMedia_Core,EMEA,Consumer_Standard,ad_supported,1527891,30599051.1,4589560.19,35188611.29,23.03,268395333.0,0.01,2685439.0,1.71,17.1
AlphaMedia,2026-Q1,AlphaMedia_Core,EMEA,Consumer_Standard,ad_supported,1566607,32461382.21,4028114.26,36489496.47,23.29,200603300.0,0.0169,3380774.0,1.19,20.08
AlphaMedia,2026-Q2,AlphaMedia_Core,EMEA,Consumer_Standard,ad_supported,1549866,32347292.18,2547797.84,34895090.02,22.51,173674018.0,0.0085,1469806.0,1.73,14.67
AlphaMedia,2025-Q2,AlphaMedia_Core,EMEA,Consumer_Premium,subscription,3753835,126078565.09,,126078565.09,33.59,,,,,
AlphaMedia,2025-Q3,AlphaMedia_Core,EMEA,Consumer_Premium,subscription,3588628,121999266.63,,121999266.63,34.0,,,,,
AlphaMedia,2025-Q4,AlphaMedia_Core,EMEA,Consumer_Premium,subscription,3803771,132031955.89,,132031955.89,34.71,,,,,
AlphaMedia,2026-Q1,AlphaMedia_Core,EMEA,Consumer_Premium,subscription,4123079,148118163.56,,148118163.56,35.92,,,,,
AlphaMedia,2026-Q2,AlphaMedia_Core,EMEA,Consumer_Premium,subscription,3736680,131779950.57,,131779950.57,35.27,,,,,
AlphaMedia,2025-Q2,AlphaMedia_Core,EMEA,Enterprise_SMB,subscription,78819,104526255.38,,104526255.38,1326.16,,,,,
AlphaMedia,2025-Q3,AlphaMedia_Core,EMEA,Enterprise_SMB,subscription,81299,106418808.45,,106418808.45,1308.98,,,,,
AlphaMedia,2025-Q4,AlphaMedia_Core,EMEA,Enterprise_SMB,subscription,82520,105848451.65,,105848451.65,1282.7,,,,,
AlphaMedia,2026-Q1,AlphaMedia_Core,EMEA,Enterprise_SMB,subscription,79617,111872753.28,,111872753.28,1405.14,,,,,
AlphaMedia,2026-Q2,AlphaMedia_Core,EMEA,Enterprise_SMB,subscription,80212,109650749.71,,109650749.71,1367.01,,,,,
AlphaMedia,2025-Q2,AlphaMedia_Core,EMEA,Enterprise_Corp,subscription,9675,618431206.45,,618431206.45,63920.54,,,,,
AlphaMedia,2025-Q3,AlphaMedia_Core,EMEA,Enterprise_Corp,subscription,9433,611983821.11,,611983821.11,64876.9,,,,,
AlphaMedia,2025-Q4,AlphaMedia_Core,EMEA,Enterprise_Corp,subscription,9409,613951254.38,,613951254.38,65251.49,,,,,
AlphaMedia,2026-Q1,AlphaMedia_Core,EMEA,Enterprise_Corp,subscription,10057,651445965.75,,651445965.75,64775.38,,,,,
AlphaMedia,2026-Q2,AlphaMedia_Core,EMEA,Enterprise_Corp,subscription,9598,623050113.18,,623050113.18,64914.58,,,,,
AlphaMedia,2025-Q2,AlphaMedia_Core,EMEA,Advertiser,advertiser,4441,,35959724.68,35959724.68,8097.21,3614042681.0,0.0127,45745000.0,0.79,9.95
AlphaMedia,2025-Q3,AlphaMedia_Core,EMEA,Advertiser,advertiser,4258,,14646228.85,14646228.85,3439.7,1244369486.0,0.0111,13839975.0,1.06,11.77
AlphaMedia,2025-Q4,AlphaMedia_Core,EMEA,Advertiser,advertiser,4030,,63892788.78,63892788.78,15854.29,4181465234.0,0.0157,65814327.0,0.97,15.28
AlphaMedia,2026-Q1,AlphaMedia_Core,EMEA,Advertiser,advertiser,4561,,38830149.55,38830149.55,8513.52,2278764645.0,0.0144,32809448.0,1.18,17.04
AlphaMedia,2026-Q2,AlphaMedia_Core,EMEA,Advertiser,advertiser,4612,,28756882.11,28756882.11,6235.23,1389221358.0,0.0112,15623893.0,1.84,20.7
AlphaMedia,2025-Q2,AlphaMedia_Digital,NA,Consumer_Standard,ad_supported,14208477,389736484.1,24124877.22,413861361.32,29.13,1219043821.0,0.0152,18543441.0,1.3,19.79
AlphaMedia,2025-Q3,AlphaMedia_Digital,NA,Consumer_Standard,ad_supported,15392542,410008673.13,41282917.21,451291590.34,29.32,2044721011.0,0.0157,32090166.0,1.29,20.19
AlphaMedia,2025-Q4,AlphaMedia_Digital,NA,Consumer_Standard,ad_supported,14181474,372332945.79,25073532.4,397406478.19,28.02,995376435.0,0.0063,6273581.0,4.0,25.19
AlphaMedia,2026-Q1,AlphaMedia_Digital,NA,Consumer_Standard,ad_supported,14384830,392793307.69,27800627.94,420593935.63,29.24,2048682973.0,0.0086,17701240.0,1.57,13.57
AlphaMedia,2026-Q2,AlphaMedia_Digital,NA,Consumer_Standard,ad_supported,14239543,380385795.02,50568540.71,430954335.73,30.26,2385308524.0,0.0102,24425242.0,2.07,21.2
AlphaMedia,2025-Q2,AlphaMedia_Digital,NA,Consumer_Premium,subscription,10083706,443402687.58,,443402687.58,43.97,,,,,
AlphaMedia,2025-Q3,AlphaMedia_Digital,NA,Consumer_Premium,subscription,10685744,466189948.88,,466189948.88,43.63,,,,,
AlphaMedia,2025-Q4,AlphaMedia_Digital,NA,Consumer_Premium,subscription,10647510,463510581.41,,463510581.41,43.53,,,,,
AlphaMedia,2026-Q1,AlphaMedia_Digital,NA,Consumer_Premium,subscription,11180143,482101780.72,,482101780.72,43.12,,,,,
AlphaMedia,2026-Q2,AlphaMedia_Digital,NA,Consumer_Premium,subscription,10336399,438335428.51,,438335428.51,42.41,,,,,
AlphaMedia,2025-Q2,AlphaMedia_Digital,NA,Enterprise_SMB,subscription,19102,21415186.31,,21415186.31,1121.1,,,,,
AlphaMedia,2025-Q3,AlphaMedia_Digital,NA,Enterprise_SMB,subscription,19933,22414454.56,,22414454.56,1124.49,,,,,
AlphaMedia,2025-Q4,AlphaMedia_Digital,NA,Enterprise_SMB,subscription,19186,22028191.59,,22028191.59,1148.14,,,,,
AlphaMedia,2026-Q1,AlphaMedia_Digital,NA,Enterprise_SMB,subscription,20208,22605041.75,,22605041.75,1118.62,,,,,
AlphaMedia,2026-Q2,AlphaMedia_Digital,NA,Enterprise_SMB,subscription,19262,21926725.69,,21926725.69,1138.34,,,,,
AlphaMedia,2025-Q2,AlphaMedia_Digital,NA,Enterprise_Corp,subscription,16421,620087168.45,,620087168.45,37761.84,,,,,
AlphaMedia,2025-Q3,AlphaMedia_Digital,NA,Enterprise_Corp,subscription,17441,644995717.3,,644995717.3,36981.58,,,,,
AlphaMedia,2025-Q4,AlphaMedia_Digital,NA,Enterprise_Corp,subscription,17398,634344894.12,,634344894.12,36460.79,,,,,
AlphaMedia,2026-Q1,AlphaMedia_Digital,NA,Enterprise_Corp,subscription,18081,705093188.81,,705093188.81,38996.36,,,,,
AlphaMedia,2026-Q2,AlphaMedia_Digital,NA,Enterprise_Corp,subscription,17134,653946243.99,,653946243.99,38166.58,,,,,
AlphaMedia,2025-Q2,AlphaMedia_Digital,NA,Advertiser,advertiser,3010,,179281325.93,179281325.93,59561.9,4484275286.0,0.0169,75594055.0,2.37,39.98
AlphaMedia,2025-Q3,AlphaMedia_Digital,NA,Advertiser,advertiser,3007,,73719082.26,73719082.26,24515.82,3566477129.0,0.0204,72914715.0,1.01,20.67
AlphaMedia,2025-Q4,AlphaMedia_Digital,NA,Advertiser,advertiser,3162,,75675022.67,75675022.67,23932.64,4183251668.0,0.0123,51472171.0,1.47,18.09
AlphaMedia,2026-Q1,AlphaMedia_Digital,NA,Advertiser,advertiser,2996,,83934518.18,83934518.18,28015.53,2850068529.0,0.0173,49164836.0,1.71,29.45
AlphaMedia,2026-Q2,AlphaMedia_Digital,NA,Advertiser,advertiser,2943,,98789775.31,98789775.31,33567.71,4077167780.0,0.0191,77864889.0,1.27,24.23
AlphaMedia,2025-Q2,AlphaMedia_Digital,EMEA,Consumer_Standard,ad_supported,10136054,225097719.27,10700221.85,235797941.12,23.26,698904105.0,0.0059,4153732.0,2.58,15.31
AlphaMedia,2025-Q3,AlphaMedia_Digital,EMEA,Consumer_Standard,ad_supported,9595495,210356314.25,19009415.45,229365729.7,23.9,1706410723.0,0.0123,21055344.0,0.9,11.14
AlphaMedia,2025-Q4,AlphaMedia_Digital,EMEA,Consumer_Standard,ad_supported,9510290,210948536.83,12228525.57,223177062.4,23.47,674119381.0,0.0092,6173632.0,1.98,18.14
AlphaMedia,2026-Q1,AlphaMedia_Digital,EMEA,Consumer_Standard,ad_supported,9799188,213745568.91,21581882.49,235327451.4,24.01,1429263741.0,0.0091,13064902.0,1.65,15.1
AlphaMedia,2026-Q2,AlphaMedia_Digital,EMEA,Consumer_Standard,ad_supported,9767347,210708144.71,10296334.0,221004478.71,22.63,1671482792.0,0.0079,13168345.0,0.78,6.16
AlphaMedia,2025-Q2,AlphaMedia_Digital,EMEA,Consumer_Premium,subscription,4848123,183556086.41,,183556086.41,37.86,,,,,
AlphaMedia,2025-Q3,AlphaMedia_Digital,EMEA,Consumer_Premium,subscription,4864194,192084298.25,,192084298.25,39.49,,,,,
AlphaMedia,2025-Q4,AlphaMedia_Digital,EMEA,Consumer_Premium,subscription,4884634,188906000.73,,188906000.73,38.67,,,,,
AlphaMedia,2026-Q1,AlphaMedia_Digital,EMEA,Consumer_Premium,subscription,5015097,202053980.8,,202053980.8,40.29,,,,,
AlphaMedia,2026-Q2,AlphaMedia_Digital,EMEA,Consumer_Premium,subscription,4663465,188690608.27,,188690608.27,40.46,,,,,
AlphaMedia,2025-Q2,AlphaMedia_Digital,EMEA,Enterprise_SMB,subscription,44851,77389862.68,,77389862.68,1725.49,,,,,
AlphaMedia,2025-Q3,AlphaMedia_Digital,EMEA,Enterprise_SMB,subscription,44369,76669632.0,,76669632.0,1728.0,,,,,
AlphaMedia,2025-Q4,AlphaMedia_Digital,EMEA,Enterprise_SMB,subscription,41926,72448128.0,,72448128.0,1728.0,,,,,
AlphaMedia,2026-Q1,AlphaMedia_Digital,EMEA,Enterprise_SMB,subscription,43987,76009536.0,,76009536.0,1728.0,,,,,
AlphaMedia,2026-Q2,AlphaMedia_Digital,EMEA,Enterprise_SMB,subscription,44319,76583232.0,,76583232.0,1728.0,,,,,
AlphaMedia,2025-Q2,AlphaMedia_Digital,EMEA,Enterprise_Corp,subscription,1565,31966681.25,,31966681.25,20425.99,,,,,
AlphaMedia,2025-Q3,AlphaMedia_Digital,EMEA,Enterprise_Corp,subscription,1558,33502825.61,,33502825.61,21503.74,,,,,
AlphaMedia,2025-Q4,AlphaMedia_Digital,EMEA,Enterprise_Corp,subscription,1531,30619884.35,,30619884.35,19999.92,,,,,
AlphaMedia,2026-Q1,AlphaMedia_Digital,EMEA,Enterprise_Corp,subscription,1547,31572280.32,,31572280.32,20408.71,,,,,
AlphaMedia,2026-Q2,AlphaMedia_Digital,EMEA,Enterprise_Corp,subscription,1530,31875571.43,,31875571.43,20833.71,,,,,
AlphaMedia,2025-Q2,AlphaMedia_Digital,EMEA,Advertiser,advertiser,437,,3359969.32,3359969.32,7688.72,419996165.0,0.0119,5001786.0,0.67,8.0
AlphaMedia,2025-Q3,AlphaMedia_Digital,EMEA,Advertiser,advertiser,476,,4105048.62,4105048.62,8624.05,200539747.0,0.0087,1751249.0,2.34,20.47
AlphaMedia,2025-Q4,AlphaMedia_Digital,EMEA,Advertiser,advertiser,469,,5129570.52,5129570.52,10937.25,306425957.0,0.0156,4765172.0,1.08,16.74
AlphaMedia,2026-Q1,AlphaMedia_Digital,EMEA,Advertiser,advertiser,477,,7785093.07,7785093.07,16320.95,494605659.0,0.0119,5893082.0,1.32,15.74
AlphaMedia,2026-Q2,AlphaMedia_Digital,EMEA,Advertiser,advertiser,456,,1773397.0,1773397.0,3889.03,112382573.0,0.0122,1367093.0,1.3,15.78
AetherSoft,2025-Q2,AetherSoft_Core,NA,Consumer_Standard,ad_supported,7493612,174688349.28,2658094.52,177346443.8,23.67,255586012.0,0.0087,2211522.0,1.2,10.4
AetherSoft,2025-Q3,AetherSoft_Core,NA,Consumer_Standard,ad_supported,7014331,169256752.6,9121512.55,178378265.15,25.43,439167672.0,0.0143,6297180.0,1.45,20.77
AetherSoft,2025-Q4,AetherSoft_Core,NA,Consumer_Standard,ad_supported,6997525,172528647.22,3806858.5,176335505.72,25.2,218158080.0,0.0081,1760998.0,2.16,17.45
AetherSoft,2026-Q1,AetherSoft_Core,NA,Consumer_Standard,ad_supported,7395162,181587339.14,10516527.58,192103866.72,25.98,412251179.0,0.011,4517885.0,2.33,25.51
AetherSoft,2026-Q2,AetherSoft_Core,NA,Consumer_Standard,ad_supported,6996458,172694579.46,6157310.54,178851890.0,25.56,434225003.0,0.0074,3192564.0,1.93,14.18
AetherSoft,2025-Q2,AetherSoft_Core,NA,Consumer_Premium,subscription,3231327,153872298.14,,153872298.14,47.62,,,,,
AetherSoft,2025-Q3,AetherSoft_Core,NA,Consumer_Premium,subscription,3260063,163735160.39,,163735160.39,50.22,,,,,
AetherSoft,2025-Q4,AetherSoft_Core,NA,Consumer_Premium,subscription,3013667,141775300.4,,141775300.4,47.04,,,,,
AetherSoft,2026-Q1,AetherSoft_Core,NA,Consumer_Premium,subscription,3166819,160330486.86,,160330486.86,50.63,,,,,
AetherSoft,2026-Q2,AetherSoft_Core,NA,Consumer_Premium,subscription,3302784,164437224.29,,164437224.29,49.79,,,,,
AetherSoft,2025-Q2,AetherSoft_Core,NA,Enterprise_SMB,subscription,127592,173685032.39,,173685032.39,1361.25,,,,,
AetherSoft,2025-Q3,AetherSoft_Core,NA,Enterprise_SMB,subscription,128029,173218355.81,,173218355.81,1352.96,,,,,
AetherSoft,2025-Q4,AetherSoft_Core,NA,Enterprise_SMB,subscription,126857,173111514.17,,173111514.17,1364.62,,,,,
AetherSoft,2026-Q1,AetherSoft_Core,NA,Enterprise_SMB,subscription,129021,178886973.65,,178886973.65,1386.5,,,,,
AetherSoft,2026-Q2,AetherSoft_Core,NA,Enterprise_SMB,subscription,118633,152268736.16,,152268736.16,1283.53,,,,,
AetherSoft,2025-Q2,AetherSoft_Core,NA,Enterprise_Corp,subscription,2076,65382685.02,,65382685.02,31494.55,,,,,
AetherSoft,2025-Q3,AetherSoft_Core,NA,Enterprise_Corp,subscription,1867,60475573.19,,60475573.19,32391.84,,,,,
AetherSoft,2025-Q4,AetherSoft_Core,NA,Enterprise_Corp,subscription,2059,69497573.67,,69497573.67,33753.07,,,,,
AetherSoft,2026-Q1,AetherSoft_Core,NA,Enterprise_Corp,subscription,2030,64989604.76,,64989604.76,32014.58,,,,,
AetherSoft,2026-Q2,AetherSoft_Core,NA,Enterprise_Corp,subscription,1933,62477758.6,,62477758.6,32321.65,,,,,
AetherSoft,2025-Q2,AetherSoft_Core,NA,Advertiser,advertiser,887,,14163000.33,14163000.33,15967.31,630307091.0,0.0185,11688537.0,1.21,22.47
AetherSoft,2025-Q3,AetherSoft_Core,NA,Advertiser,advertiser,946,,14313358.12,14313358.12,15130.4,449964103.0,0.019,8548715.0,1.67,31.81
AetherSoft,2025-Q4,AetherSoft_Core,NA,Advertiser,advertiser,943,,3393270.51,3393270.51,3598.38,119062123.0,0.0069,817427.0,4.15,28.5
AetherSoft,2026-Q1,AetherSoft_Core,NA,Advertiser,advertiser,901,,17637329.42,17637329.42,19575.28,487758004.0,0.0209,10201937.0,1.73,36.16
AetherSoft,2026-Q2,AetherSoft_Core,NA,Advertiser,advertiser,927,,3679399.19,3679399.19,3969.15,171613768.0,0.0148,2541803.0,1.45,21.44
AetherSoft,2025-Q2,AetherSoft_Core,EMEA,Consumer_Standard,ad_supported,7191183,104009894.09,3768050.72,107777944.81,14.99,196150480.0,0.0108,2110738.0,1.79,19.21
AetherSoft,2025-Q3,AetherSoft_Core,EMEA,Consumer_Standard,ad_supported,7397519,110597788.71,8557222.21,119155010.92,16.11,657741907.0,0.0111,7322401.0,1.17,13.01
AetherSoft,2025-Q4,AetherSoft_Core,EMEA,Consumer_Standard,ad_supported,6908386,102868787.82,3205454.99,106074242.81,15.35,210608081.0,0.0072,1526709.0,2.1,15.22
AetherSoft,2026-Q1,AetherSoft_Core,EMEA,Consumer_Standard,ad_supported,7273061,103889083.89,3476829.14,107365913.03,14.76,205486356.0,0.014,2874159.0,1.21,16.92
AetherSoft,2026-Q2,AetherSoft_Core,EMEA,Consumer_Standard,ad_supported,7430090,111160401.02,7557111.68,118717512.7,15.98,513739747.0,0.0077,3980919.0,1.9,14.71
AetherSoft,2025-Q2,AetherSoft_Core,EMEA,Consumer_Premium,subscription,4105283,157056068.11,,157056068.11,38.26,,,,,
AetherSoft,2025-Q3,AetherSoft_Core,EMEA,Consumer_Premium,subscription,3785564,144151106.85,,144151106.85,38.08,,,,,
AetherSoft,2025-Q4,AetherSoft_Core,EMEA,Consumer_Premium,subscription,3984887,152185081.33,,152185081.33,38.19,,,,,
AetherSoft,2026-Q1,AetherSoft_Core,EMEA,Consumer_Premium,subscription,3876441,149722394.33,,149722394.33,38.62,,,,,
AetherSoft,2026-Q2,AetherSoft_Core,EMEA,Consumer_Premium,subscription,3886525,146852526.46,,146852526.46,37.79,,,,,
AetherSoft,2025-Q2,AetherSoft_Core,EMEA,Enterprise_SMB,subscription,146433,233599017.39,,233599017.39,1595.26,,,,,
AetherSoft,2025-Q3,AetherSoft_Core,EMEA,Enterprise_SMB,subscription,149890,230958303.36,,230958303.36,1540.85,,,,,
AetherSoft,2025-Q4,AetherSoft_Core,EMEA,Enterprise_SMB,subscription,146027,239806357.88,,239806357.88,1642.21,,,,,
AetherSoft,2026-Q1,AetherSoft_Core,EMEA,Enterprise_SMB,subscription,142541,214156548.09,,214156548.09,1502.42,,,,,
AetherSoft,2026-Q2,AetherSoft_Core,EMEA,Enterprise_SMB,subscription,138958,220499532.96,,220499532.96,1586.81,,,,,
AetherSoft,2025-Q2,AetherSoft_Core,EMEA,Enterprise_Corp,subscription,20409,759449078.73,,759449078.73,37211.48,,,,,
AetherSoft,2025-Q3,AetherSoft_Core,EMEA,Enterprise_Corp,subscription,19856,821973849.43,,821973849.43,41396.75,,,,,
AetherSoft,2025-Q4,AetherSoft_Core,EMEA,Enterprise_Corp,subscription,18827,743251744.13,,743251744.13,39477.97,,,,,
AetherSoft,2026-Q1,AetherSoft_Core,EMEA,Enterprise_Corp,subscription,19080,743535872.09,,743535872.09,38969.39,,,,,
AetherSoft,2026-Q2,AetherSoft_Core,EMEA,Enterprise_Corp,subscription,19368,799207860.47,,799207860.47,41264.35,,,,,
AetherSoft,2025-Q2,AetherSoft_Core,EMEA,Advertiser,advertiser,1224,,12817465.85,12817465.85,10471.79,536744801.0,0.0141,7590809.0,1.69,23.88
AetherSoft,2025-Q3,AetherSoft_Core,EMEA,Advertiser,advertiser,1148,,4432083.57,4432083.57,3860.7,215883272.0,0.0267,5767411.0,0.77,20.53
AetherSoft,2025-Q4,AetherSoft_Core,EMEA,Advertiser,advertiser,1123,,9826041.3,9826041.3,8749.81,473772483.0,0.012,5704694.0,1.72,20.74
AetherSoft,2026-Q1,AetherSoft_Core,EMEA,Advertiser,advertiser,1153,,2548645.72,2548645.72,2210.45,134564188.0,0.0153,2065066.0,1.23,18.94
AetherSoft,2026-Q2,AetherSoft_Core,EMEA,Advertiser,advertiser,1074,,2934114.91,2934114.91,2731.95,171185234.0,0.0082,1408992.0,2.08,17.14
AetherSoft,2025-Q2,AetherSoft_Digital,NA,Consumer_Standard,ad_supported,5750163,124232940.45,7888765.55,132121706.0,22.98,362368652.0,0.0092,3350235.0,2.35,21.77
AetherSoft,2025-Q3,AetherSoft_Digital,NA,Consumer_Standard,ad_supported,5643729,122979148.77,6595554.65,129574703.42,22.96,525961296.0,0.0112,5884984.0,1.12,12.54
AetherSoft,2025-Q4,AetherSoft_Digital,NA,Consumer_Standard,ad_supported,5212442,116457658.63,5394040.01,121851698.64,23.38,246753889.0,0.0107,2637734.0,2.04,21.86
AetherSoft,2026-Q1,AetherSoft_Digital,NA,Consumer_Standard,ad_supported,5633454,128861593.07,8826315.26,137687908.33,24.44,533957366.0,0.0075,3996182.0,2.21,16.53
AetherSoft,2026-Q2,AetherSoft_Digital,NA,Consumer_Standard,ad_supported,5645666,130071283.51,4958146.52,135029430.03,23.92,367815024.0,0.004,1471260.0,3.37,13.48
AetherSoft,2025-Q2,AetherSoft_Digital,NA,Consumer_Premium,subscription,5297847,270921786.18,,270921786.18,51.14,,,,,
AetherSoft,2025-Q3,AetherSoft_Digital,NA,Consumer_Premium,subscription,5408920,277271613.38,,277271613.38,51.26,,,,,
AetherSoft,2025-Q4,AetherSoft_Digital,NA,Consumer_Premium,subscription,5597191,284310344.28,,284310344.28,50.8,,,,,
AetherSoft,2026-Q1,AetherSoft_Digital,NA,Consumer_Premium,subscription,5241112,273978756.56,,273978756.56,52.27,,,,,
AetherSoft,2026-Q2,AetherSoft_Digital,NA,Consumer_Premium,subscription,5115695,266838022.47,,266838022.47,52.16,,,,,
AetherSoft,2025-Q2,AetherSoft_Digital,NA,Enterprise_SMB,subscription,33942,65891934.33,,65891934.33,1941.31,,,,,
AetherSoft,2025-Q3,AetherSoft_Digital,NA,Enterprise_SMB,subscription,34466,67577932.08,,67577932.08,1960.71,,,,,
AetherSoft,2025-Q4,AetherSoft_Digital,NA,Enterprise_SMB,subscription,30762,60759756.7,,60759756.7,1975.16,,,,,
AetherSoft,2026-Q1,AetherSoft_Digital,NA,Enterprise_SMB,subscription,30985,59955185.24,,59955185.24,1934.97,,,,,
AetherSoft,2026-Q2,AetherSoft_Digital,NA,Enterprise_SMB,subscription,32620,65204321.01,,65204321.01,1998.91,,,,,
AetherSoft,2025-Q2,AetherSoft_Digital,NA,Enterprise_Corp,subscription,27990,939111217.04,,939111217.04,33551.67,,,,,
AetherSoft,2025-Q3,AetherSoft_Digital,NA,Enterprise_Corp,subscription,28409,938735512.3,,938735512.3,33043.6,,,,,
AetherSoft,2025-Q4,AetherSoft_Digital,NA,Enterprise_Corp,subscription,28341,881233512.45,,881233512.45,31093.95,,,,,
AetherSoft,2026-Q1,AetherSoft_Digital,NA,Enterprise_Corp,subscription,26771,854370107.43,,854370107.43,31914.02,,,,,
AetherSoft,2026-Q2,AetherSoft_Digital,NA,Enterprise_Corp,subscription,27179,873888952.08,,873888952.08,32153.09,,,,,
AetherSoft,2025-Q2,AetherSoft_Digital,NA,Advertiser,advertiser,1263,,15680145.38,15680145.38,12415.0,551147465.0,0.0131,7204005.0,2.18,28.45
AetherSoft,2025-Q3,AetherSoft_Digital,NA,Advertiser,advertiser,1186,,14271925.91,14271925.91,12033.66,477961350.0,0.0206,9841021.0,1.45,29.86
AetherSoft,2025-Q4,AetherSoft_Digital,NA,Advertiser,advertiser,1210,,10563186.36,10563186.36,8729.91,318168264.0,0.0178,5651036.0,1.87,33.2
AetherSoft,2026-Q1,AetherSoft_Digital,NA,Advertiser,advertiser,1194,,17050805.71,17050805.71,14280.41,573329042.0,0.0188,10779288.0,1.58,29.74
AetherSoft,2026-Q2,AetherSoft_Digital,NA,Advertiser,advertiser,1171,,6679623.69,6679623.69,5704.2,834952961.0,0.0155,12968107.0,0.52,8.0
AetherSoft,2025-Q2,AetherSoft_Digital,EMEA,Consumer_Standard,ad_supported,4335701,79698592.27,3921388.39,83619980.66,19.29,219194432.0,0.0089,1942872.0,2.02,17.89
AetherSoft,2025-Q3,AetherSoft_Digital,EMEA,Consumer_Standard,ad_supported,4197938,80505379.3,6169989.2,86675368.5,20.65,330830520.0,0.0122,4044108.0,1.53,18.65
AetherSoft,2025-Q4,AetherSoft_Digital,EMEA,Consumer_Standard,ad_supported,4288483,75971162.87,2868888.65,78840051.52,18.38,304876583.0,0.0109,3321071.0,0.86,9.41
AetherSoft,2026-Q1,AetherSoft_Digital,EMEA,Consumer_Standard,ad_supported,4231532,75458267.24,3165153.06,78623420.3,18.58,248052748.0,0.0111,2754336.0,1.15,12.76
AetherSoft,2026-Q2,AetherSoft_Digital,EMEA,Consumer_Standard,ad_supported,4253563,77701163.22,4012077.15,81713240.37,19.21,385406066.0,0.008,3083581.0,1.3,10.41
AetherSoft,2025-Q2,AetherSoft_Digital,EMEA,Consumer_Premium,subscription,3611881,137544104.8,,137544104.8,38.08,,,,,
AetherSoft,2025-Q3,AetherSoft_Digital,EMEA,Consumer_Premium,subscription,3858086,139803301.0,,139803301.0,36.24,,,,,
AetherSoft,2025-Q4,AetherSoft_Digital,EMEA,Consumer_Premium,subscription,3827460,146796815.88,,146796815.88,38.35,,,,,
AetherSoft,2026-Q1,AetherSoft_Digital,EMEA,Consumer_Premium,subscription,3846434,147152266.39,,147152266.39,38.26,,,,,
AetherSoft,2026-Q2,AetherSoft_Digital,EMEA,Consumer_Premium,subscription,3613528,137226136.76,,137226136.76,37.98,,,,,
AetherSoft,2025-Q2,AetherSoft_Digital,EMEA,Enterprise_SMB,subscription,104331,143670320.53,,143670320.53,1377.06,,,,,
AetherSoft,2025-Q3,AetherSoft_Digital,EMEA,Enterprise_SMB,subscription,100500,142452064.79,,142452064.79,1417.43,,,,,
AetherSoft,2025-Q4,AetherSoft_Digital,EMEA,Enterprise_SMB,subscription,107415,155668334.32,,155668334.32,1449.22,,,,,
AetherSoft,2026-Q1,AetherSoft_Digital,EMEA,Enterprise_SMB,subscription,106835,147827603.07,,147827603.07,1383.7,,,,,
AetherSoft,2026-Q2,AetherSoft_Digital,EMEA,Enterprise_SMB,subscription,103445,146257147.99,,146257147.99,1413.86,,,,,
AetherSoft,2025-Q2,AetherSoft_Digital,EMEA,Enterprise_Corp,subscription,18410,1164563479.9,,1164563479.9,63257.11,,,,,
AetherSoft,2025-Q3,AetherSoft_Digital,EMEA,Enterprise_Corp,subscription,17451,1094161017.64,,1094161017.64,62699.04,,,,,
AetherSoft,2025-Q4,AetherSoft_Digital,EMEA,Enterprise_Corp,subscription,18292,1158888960.28,,1158888960.28,63354.96,,,,,
AetherSoft,2026-Q1,AetherSoft_Digital,EMEA,Enterprise_Corp,subscription,18111,1166404154.77,,1166404154.77,64403.08,,,,,
AetherSoft,2026-Q2,AetherSoft_Digital,EMEA,Enterprise_Corp,subscription,17670,1140394694.04,,1140394694.04,64538.47,,,,,
AetherSoft,2025-Q2,AetherSoft_Digital,EMEA,Advertiser,advertiser,1539,,2447918.08,2447918.08,1590.59,218564114.0,0.012,2622118.0,0.93,11.2
AetherSoft,2025-Q3,AetherSoft_Digital,EMEA,Advertiser,advertiser,1465,,2738805.41,2738805.41,1869.49,170006543.0,0.0129,2193866.0,1.25,16.11
AetherSoft,2025-Q4,AetherSoft_Digital,EMEA,Advertiser,advertiser,1552,,12576100.9,12576100.9,8103.16,640005135.0,0.0156,10009241.0,1.26,19.65
AetherSoft,2026-Q1,AetherSoft_Digital,EMEA,Advertiser,advertiser,1409,,7291536.95,7291536.95,5174.97,420503861.0,0.0141,5947707.0,1.23,17.34
AetherSoft,2026-Q2,AetherSoft_Digital,EMEA,Advertiser,advertiser,1574,,6592899.27,6592899.27,4188.63,344097039.0,0.012,4128667.0,1.6,19.16
MetaVerseCorp,2025-Q2,MetaVerseCorp_Core,NA,Consumer_Standard,ad_supported,7178143,222103148.88,18877535.25,240980684.13,33.57,1095620154.0,0.013,14278345.0,1.32,17.23
MetaVerseCorp,2025-Q3,MetaVerseCorp_Core,NA,Consumer_Standard,ad_supported,7175213,229027254.25,14948467.0,243975721.25,34.0,844546158.0,0.0087,7358555.0,2.03,17.7
MetaVerseCorp,2025-Q4,MetaVerseCorp_Core,NA,Consumer_Standard,ad_supported,6813373,216650648.94,15274886.35,231925535.29,34.04,967377223.0,0.0123,11910867.0,1.28,15.79
MetaVerseCorp,2026-Q1,MetaVerseCorp_Core,NA,Consumer_Standard,ad_supported,6893229,216867541.16,20293139.54,237160680.7,34.4,691183227.0,0.0069,4747083.0,4.27,29.36
MetaVerseCorp,2026-Q2,MetaVerseCorp_Core,NA,Consumer_Standard,ad_supported,6977949,221170188.6,11058488.48,232228677.08,33.28,520889707.0,0.0123,6424747.0,1.72,21.23
MetaVerseCorp,2025-Q2,MetaVerseCorp_Core,NA,Consumer_Premium,subscription,3437107,161292714.98,,161292714.98,46.93,,,,,
MetaVerseCorp,2025-Q3,MetaVerseCorp_Core,NA,Consumer_Premium,subscription,3414481,155621467.77,,155621467.77,45.58,,,,,
MetaVerseCorp,2025-Q4,MetaVerseCorp_Core,NA,Consumer_Premium,subscription,3362992,155236488.2,,155236488.2,46.16,,,,,
MetaVerseCorp,2026-Q1,MetaVerseCorp_Core,NA,Consumer_Premium,subscription,3666090,167018038.96,,167018038.96,45.56,,,,,
MetaVerseCorp,2026-Q2,MetaVerseCorp_Core,NA,Consumer_Premium,subscription,3468365,153937436.2,,153937436.2,44.38,,,,,
MetaVerseCorp,2025-Q2,MetaVerseCorp_Core,NA,Enterprise_SMB,subscription,23019,55245600.0,,55245600.0,2400.0,,,,,
MetaVerseCorp,2025-Q3,MetaVerseCorp_Core,NA,Enterprise_SMB,subscription,24848,59635200.0,,59635200.0,2400.0,,,,,
MetaVerseCorp,2025-Q4,MetaVerseCorp_Core,NA,Enterprise_SMB,subscription,23286,55886400.0,,55886400.0,2400.0,,,,,
MetaVerseCorp,2026-Q1,MetaVerseCorp_Core,NA,Enterprise_SMB,subscription,23967,57520800.0,,57520800.0,2400.0,,,,,
MetaVerseCorp,2026-Q2,MetaVerseCorp_Core,NA,Enterprise_SMB,subscription,24121,57890400.0,,57890400.0,2400.0,,,,,
MetaVerseCorp,2025-Q2,MetaVerseCorp_Core,NA,Enterprise_Corp,subscription,9879,821335743.67,,821335743.67,83139.56,,,,,
MetaVerseCorp,2025-Q3,MetaVerseCorp_Core,NA,Enterprise_Corp,subscription,9487,830315361.99,,830315361.99,87521.38,,,,,
MetaVerseCorp,2025-Q4,MetaVerseCorp_Core,NA,Enterprise_Corp,subscription,9925,842163335.2,,842163335.2,84852.73,,,,,
MetaVerseCorp,2026-Q1,MetaVerseCorp_Core,NA,Enterprise_Corp,subscription,10024,880348138.19,,880348138.19,87824.04,,,,,
MetaVerseCorp,2026-Q2,MetaVerseCorp_Core,NA,Enterprise_Corp,subscription,10083,854278523.21,,854278523.21,84724.64,,,,,
MetaVerseCorp,2025-Q2,MetaVerseCorp_Core,NA,Advertiser,advertiser,226,,7389993.39,7389993.39,32699.09,208462437.0,0.0179,3730363.0,1.98,35.45
MetaVerseCorp,2025-Q3,MetaVerseCorp_Core,NA,Advertiser,advertiser,236,,1175050.18,1175050.18,4979.03,54857618.0,0.0161,882036.0,1.33,21.42
MetaVerseCorp,2025-Q4,MetaVerseCorp_Core,NA,Advertiser,advertiser,232,,7800613.59,7800613.59,33623.33,236096053.0,0.0192,4536411.0,1.72,33.04
MetaVerseCorp,2026-Q1,MetaVerseCorp_Core,NA,Advertiser,advertiser,239,,4657099.75,4657099.75,19485.77,162778740.0,0.013,2122350.0,2.19,28.61
MetaVerseCorp,2026-Q2,MetaVerseCorp_Core,NA,Advertiser,advertiser,227,,1686309.09,1686309.09,7428.67,76407299.0,0.0154,1177294.0,1.43,22.07
MetaVerseCorp,2025-Q2,MetaVerseCorp_Core,EMEA,Consumer_Standard,ad_supported,10348523,138514244.89,17760614.85,156274859.74,15.1,1387548035.0,0.0104,14496370.0,1.23,12.8
MetaVerseCorp,2025-Q3,MetaVerseCorp_Core,EMEA,Consumer_Standard,ad_supported,10979442,149378153.06,7386276.99,156764430.05,14.28,679510303.0,0.0047,3198894.0,2.31,10.87
MetaVerseCorp,2025-Q4,MetaVerseCorp_Core,EMEA,Consumer_Standard,ad_supported,10253548,137464848.83,10062917.2,147527766.03,14.39,570783732.0,0.0105,5996189.0,1.68,17.63
MetaVerseCorp,2026-Q1,MetaVerseCorp_Core,EMEA,Consumer_Standard,ad_supported,10369431,141554677.07,20257106.87,161811783.94,15.6,1067849598.0,0.011,11758507.0,1.72,18.97
MetaVerseCorp,2026-Q2,MetaVerseCorp_Core,EMEA,Consumer_Standard,ad_supported,9519760,123390564.72,10359840.64,133750405.36,14.05,656517151.0,0.011,7250302.0,1.43,15.78
MetaVerseCorp,2025-Q2,MetaVerseCorp_Core,EMEA,Consumer_Premium,subscription,5513755,183216355.21,,183216355.21,33.23,,,,,
MetaVerseCorp,2025-Q3,MetaVerseCorp_Core,EMEA,Consumer_Premium,subscription,5360389,177829236.17,,177829236.17,33.17,,,,,
MetaVerseCorp,2025-Q4,MetaVerseCorp_Core,EMEA,Consumer_Premium,subscription,5376660,171783702.58,,171783702.58,31.95,,,,,
MetaVerseCorp,2026-Q1,MetaVerseCorp_Core,EMEA,Consumer_Premium,subscription,5454753,177224853.37,,177224853.37,32.49,,,,,
MetaVerseCorp,2026-Q2,MetaVerseCorp_Core,EMEA,Consumer_Premium,subscription,5326828,178900249.77,,178900249.77,33.58,,,,,
MetaVerseCorp,2025-Q2,MetaVerseCorp_Core,EMEA,Enterprise_SMB,subscription,14949,22661278.32,,22661278.32,1515.91,,,,,
MetaVerseCorp,2025-Q3,MetaVerseCorp_Core,EMEA,Enterprise_SMB,subscription,15520,24087460.35,,24087460.35,1552.03,,,,,
MetaVerseCorp,2025-Q4,MetaVerseCorp_Core,EMEA,Enterprise_SMB,subscription,14900,22703540.03,,22703540.03,1523.73,,,,,
MetaVerseCorp,2026-Q1,MetaVerseCorp_Core,EMEA,Enterprise_SMB,subscription,15251,25272188.48,,25272188.48,1657.08,,,,,
MetaVerseCorp,2026-Q2,MetaVerseCorp_Core,EMEA,Enterprise_SMB,subscription,16694,25807919.84,,25807919.84,1545.94,,,,,
MetaVerseCorp,2025-Q2,MetaVerseCorp_Core,EMEA,Enterprise_Corp,subscription,10765,482439466.03,,482439466.03,44815.56,,,,,
MetaVerseCorp,2025-Q3,MetaVerseCorp_Core,EMEA,Enterprise_Corp,subscription,11127,499059979.95,,499059979.95,44851.26,,,,,
MetaVerseCorp,2025-Q4,MetaVerseCorp_Core,EMEA,Enterprise_Corp,subscription,10887,480078069.33,,480078069.33,44096.45,,,,,
MetaVerseCorp,2026-Q1,MetaVerseCorp_Core,EMEA,Enterprise_Corp,subscription,11582,525290843.33,,525290843.33,45354.07,,,,,
MetaVerseCorp,2026-Q2,MetaVerseCorp_Core,EMEA,Enterprise_Corp,subscription,11689,508165946.11,,508165946.11,43473.86,,,,,
MetaVerseCorp,2025-Q2,MetaVerseCorp_Core,EMEA,Advertiser,advertiser,298,,559487.58,559487.58,1877.48,45709770.0,0.014,637991.0,0.88,12.24
MetaVerseCorp,2025-Q3,MetaVerseCorp_Core,EMEA,Advertiser,advertiser,286,,1453228.49,1453228.49,5081.22,63019449.0,0.0134,846732.0,1.72,23.06
MetaVerseCorp,2025-Q4,MetaVerseCorp_Core,EMEA,Advertiser,advertiser,299,,1099799.07,1099799.07,3678.26,44616595.0,0.0217,969749.0,1.13,24.65
MetaVerseCorp,2026-Q1,MetaVerseCorp_Core,EMEA,Advertiser,advertiser,277,,851104.66,851104.66,3072.58,68416773.0,0.0098,668218.0,1.27,12.44
MetaVerseCorp,2026-Q2,MetaVerseCorp_Core,EMEA,Advertiser,advertiser,285,,832818.92,832818.92,2922.17,56082082.0,0.0114,639209.0,1.3,14.85
MetaVerseCorp,2025-Q2,MetaVerseCorp_Digital,NA,Consumer_Standard,ad_supported,5091889,97355567.86,12359979.25,109715547.11,21.55,586615057.0,0.0095,5592065.0,2.21,21.07
MetaVerseCorp,2025-Q3,MetaVerseCorp_Digital,NA,Consumer_Standard,ad_supported,4604345,82878210.0,2838702.57,85716912.57,18.62,264065355.0,0.0056,1470353.0,1.93,10.75
MetaVerseCorp,2025-Q4,MetaVerseCorp_Digital,NA,Consumer_Standard,ad_supported,4525919,88723310.97,14339815.12,103063126.09,22.77,596250109.0,0.0149,8867247.0,1.62,24.05
MetaVerseCorp,2026-Q1,MetaVerseCorp_Digital,NA,Consumer_Standard,ad_supported,4847876,89955308.94,8448400.29,98403709.23,20.3,441861940.0,0.0132,5826454.0,1.45,19.12
MetaVerseCorp,2026-Q2,MetaVerseCorp_Digital,NA,Consumer_Standard,ad_supported,4811574,92604554.58,4997276.38,97601830.96,20.28,310775894.0,0.0076,2371746.0,2.11,16.08
MetaVerseCorp,2025-Q2,MetaVerseCorp_Digital,NA,Consumer_Premium,subscription,2937649,146609739.6,,146609739.6,49.91,,,,,
MetaVerseCorp,2025-Q3,MetaVerseCorp_Digital,NA,Consumer_Premium,subscription,3224851,157441907.4,,157441907.4,48.82,,,,,
MetaVerseCorp,2025-Q4,MetaVerseCorp_Digital,NA,Consumer_Premium,subscription,3191815,161202640.54,,161202640.54,50.51,,,,,
MetaVerseCorp,2026-Q1,MetaVerseCorp_Digital,NA,Consumer_Premium,subscription,3256869,168435790.04,,168435790.04,51.72,,,,,
MetaVerseCorp,2026-Q2,MetaVerseCorp_Digital,NA,Consumer_Premium,subscription,3329311,161683326.62,,161683326.62,48.56,,,,,
MetaVerseCorp,2025-Q2,MetaVerseCorp_Digital,NA,Enterprise_SMB,subscription,110626,139278117.43,,139278117.43,1259.0,,,,,
MetaVerseCorp,2025-Q3,MetaVerseCorp_Digital,NA,Enterprise_SMB,subscription,105261,126368973.48,,126368973.48,1200.53,,,,,
MetaVerseCorp,2025-Q4,MetaVerseCorp_Digital,NA,Enterprise_SMB,subscription,106147,128254283.26,,128254283.26,1208.27,,,,,
MetaVerseCorp,2026-Q1,MetaVerseCorp_Digital,NA,Enterprise_SMB,subscription,110340,143901339.65,,143901339.65,1304.16,,,,,
MetaVerseCorp,2026-Q2,MetaVerseCorp_Digital,NA,Enterprise_SMB,subscription,103844,131497008.28,,131497008.28,1266.29,,,,,
MetaVerseCorp,2025-Q2,MetaVerseCorp_Digital,NA,Enterprise_Corp,subscription,9031,538270628.61,,538270628.61,59602.55,,,,,
MetaVerseCorp,2025-Q3,MetaVerseCorp_Digital,NA,Enterprise_Corp,subscription,9219,562381006.62,,562381006.62,61002.39,,,,,
MetaVerseCorp,2025-Q4,MetaVerseCorp_Digital,NA,Enterprise_Corp,subscription,9077,543972404.13,,543972404.13,59928.66,,,,,
MetaVerseCorp,2026-Q1,MetaVerseCorp_Digital,NA,Enterprise_Corp,subscription,9262,552324724.83,,552324724.83,59633.42,,,,,
MetaVerseCorp,2026-Q2,MetaVerseCorp_Digital,NA,Enterprise_Corp,subscription,9089,530864502.73,,530864502.73,58407.36,,,,,
MetaVerseCorp,2025-Q2,MetaVerseCorp_Digital,NA,Advertiser,advertiser,2417,,71009828.17,71009828.17,29379.32,1907840628.0,0.0164,31239399.0,2.27,37.22
MetaVerseCorp,2025-Q3,MetaVerseCorp_Digital,NA,Advertiser,advertiser,2613,,82528282.34,82528282.34,31583.73,2932774781.0,0.0115,33743325.0,2.45,28.14
MetaVerseCorp,2025-Q4,MetaVerseCorp_Digital,NA,Advertiser,advertiser,2437,,64599692.6,64599692.6,26507.88,1837306388.0,0.0131,24119944.0,2.68,35.16
MetaVerseCorp,2026-Q1,MetaVerseCorp_Digital,NA,Advertiser,advertiser,2302,,44485324.45,44485324.45,19324.64,1507977100.0,0.0142,21476419.0,2.07,29.5
MetaVerseCorp,2026-Q2,MetaVerseCorp_Digital,NA,Advertiser,advertiser,2374,,38616297.35,38616297.35,16266.34,1330678751.0,0.0173,23016482.0,1.68,29.02
MetaVerseCorp,2025-Q2,MetaVerseCorp_Digital,EMEA,Consumer_Standard,ad_supported,3134385,43974571.91,2929577.8,46904149.71,14.96,334426690.0,0.0135,4526949.0,0.65,8.76
MetaVerseCorp,2025-Q3,MetaVerseCorp_Digital,EMEA,Consumer_Standard,ad_supported,3105146,44672815.56,2526939.75,47199755.31,15.2,351941470.0,0.0112,3927823.0,0.64,7.18
MetaVerseCorp,2025-Q4,MetaVerseCorp_Digital,EMEA,Consumer_Standard,ad_supported,3244927,48962197.08,3762490.97,52724688.05,16.25,356634215.0,0.004,1426536.0,2.64,10.55
MetaVerseCorp,2026-Q1,MetaVerseCorp_Digital,EMEA,Consumer_Standard,ad_supported,3312713,45686909.78,4970768.6,50657678.38,15.29,308169163.0,0.0075,2298941.0,2.16,16.13
MetaVerseCorp,2026-Q2,MetaVerseCorp_Digital,EMEA,Consumer_Standard,ad_supported,3103646,46431489.8,3227715.21,49659205.01,16.0,248094943.0,0.0165,4095719.0,0.79,13.01
MetaVerseCorp,2025-Q2,MetaVerseCorp_Digital,EMEA,Consumer_Premium,subscription,6775769,236200086.48,,236200086.48,34.86,,,,,
MetaVerseCorp,2025-Q3,MetaVerseCorp_Digital,EMEA,Consumer_Premium,subscription,6382747,226651822.84,,226651822.84,35.51,,,,,
MetaVerseCorp,2025-Q4,MetaVerseCorp_Digital,EMEA,Consumer_Premium,subscription,6157834,220027227.55,,220027227.55,35.73,,,,,
MetaVerseCorp,2026-Q1,MetaVerseCorp_Digital,EMEA,Consumer_Premium,subscription,6725732,240699221.43,,240699221.43,35.79,,,,,
MetaVerseCorp,2026-Q2,MetaVerseCorp_Digital,EMEA,Consumer_Premium,subscription,6151996,217907263.31,,217907263.31,35.42,,,,,
MetaVerseCorp,2025-Q2,MetaVerseCorp_Digital,EMEA,Enterprise_SMB,subscription,76751,44324562.22,,44324562.22,577.51,,,,,
MetaVerseCorp,2025-Q3,MetaVerseCorp_Digital,EMEA,Enterprise_SMB,subscription,84546,50499447.56,,50499447.56,597.3,,,,,
MetaVerseCorp,2025-Q4,MetaVerseCorp_Digital,EMEA,Enterprise_SMB,subscription,83231,51660663.04,,51660663.04,620.69,,,,,
MetaVerseCorp,2026-Q1,MetaVerseCorp_Digital,EMEA,Enterprise_SMB,subscription,83391,50285438.6,,50285438.6,603.01,,,,,
MetaVerseCorp,2026-Q2,MetaVerseCorp_Digital,EMEA,Enterprise_SMB,subscription,89736,52960449.46,,52960449.46,590.18,,,,,
MetaVerseCorp,2025-Q2,MetaVerseCorp_Digital,EMEA,Enterprise_Corp,subscription,7990,273444503.31,,273444503.31,34223.34,,,,,
MetaVerseCorp,2025-Q3,MetaVerseCorp_Digital,EMEA,Enterprise_Corp,subscription,7590,278271131.51,,278271131.51,36662.86,,,,,
MetaVerseCorp,2025-Q4,MetaVerseCorp_Digital,EMEA,Enterprise_Corp,subscription,7959,270976460.63,,270976460.63,34046.55,,,,,
MetaVerseCorp,2026-Q1,MetaVerseCorp_Digital,EMEA,Enterprise_Corp,subscription,8119,280775027.02,,280775027.02,34582.46,,,,,
MetaVerseCorp,2026-Q2,MetaVerseCorp_Digital,EMEA,Enterprise_Corp,subscription,7802,274317559.89,,274317559.89,35159.9,,,,,
MetaVerseCorp,2025-Q2,MetaVerseCorp_Digital,EMEA,Advertiser,advertiser,1647,,16809162.21,16809162.21,10205.93,1053205652.0,0.0159,16708802.0,1.01,15.96
MetaVerseCorp,2025-Q3,MetaVerseCorp_Digital,EMEA,Advertiser,advertiser,1694,,12765256.85,12765256.85,7535.57,614600715.0,0.0125,7675609.0,1.66,20.77
MetaVerseCorp,2025-Q4,MetaVerseCorp_Digital,EMEA,Advertiser,advertiser,1621,,4939065.79,4939065.79,3046.93,375023978.0,0.0155,5815793.0,0.85,13.17
MetaVerseCorp,2026-Q1,MetaVerseCorp_Digital,EMEA,Advertiser,advertiser,1803,,20609868.32,20609868.32,11430.88,1008310583.0,0.0079,8006975.0,2.57,20.44
MetaVerseCorp,2026-Q2,MetaVerseCorp_Digital,EMEA,Advertiser,advertiser,1748,,6516734.56,6516734.56,3728.11,335395500.0,0.0155,5184589.0,1.26,19.43
AuraEnt,2025-Q2,AuraEnt_Core,NA,Consumer_Standard,ad_supported,6037783,197439731.27,15428175.68,212867906.95,35.26,728431335.0,0.01,7319048.0,2.11,21.18
AuraEnt,2025-Q3,AuraEnt_Core,NA,Consumer_Standard,ad_supported,5398668,171730685.95,8486809.8,180217495.75,33.38,358395684.0,0.0077,2774088.0,3.06,23.68
AuraEnt,2025-Q4,AuraEnt_Core,NA,Consumer_Standard,ad_supported,5564361,173646096.96,18733015.55,192379112.51,34.57,770588875.0,0.0094,7222210.0,2.59,24.31
AuraEnt,2026-Q1,AuraEnt_Core,NA,Consumer_Standard,ad_supported,5375067,177377211.0,11257689.94,188634900.94,35.09,452479499.0,0.0105,4729542.0,2.38,24.88
AuraEnt,2026-Q2,AuraEnt_Core,NA,Consumer_Standard,ad_supported,5466485,178570707.95,6492034.26,185062742.21,33.85,332243309.0,0.0104,3451274.0,1.88,19.54
AuraEnt,2025-Q2,AuraEnt_Core,NA,Consumer_Premium,subscription,5179547,236051151.31,,236051151.31,45.57,,,,,
AuraEnt,2025-Q3,AuraEnt_Core,NA,Consumer_Premium,subscription,5172060,234172260.38,,234172260.38,45.28,,,,,
AuraEnt,2025-Q4,AuraEnt_Core,NA,Consumer_Premium,subscription,5147893,230707146.53,,230707146.53,44.82,,,,,
AuraEnt,2026-Q1,AuraEnt_Core,NA,Consumer_Premium,subscription,5447303,237095081.23,,237095081.23,43.53,,,,,
AuraEnt,2026-Q2,AuraEnt_Core,NA,Consumer_Premium,subscription,5278319,247145006.17,,247145006.17,46.82,,,,,
AuraEnt,2025-Q2,AuraEnt_Core,NA,Enterprise_SMB,subscription,21595,19852444.04,,19852444.04,919.31,,,,,
AuraEnt,2025-Q3,AuraEnt_Core,NA,Enterprise_SMB,subscription,20899,18659664.39,,18659664.39,892.85,,,,,
AuraEnt,2025-Q4,AuraEnt_Core,NA,Enterprise_SMB,subscription,20728,18787460.13,,18787460.13,906.38,,,,,
AuraEnt,2026-Q1,AuraEnt_Core,NA,Enterprise_SMB,subscription,21887,19736005.74,,19736005.74,901.72,,,,,
AuraEnt,2026-Q2,AuraEnt_Core,NA,Enterprise_SMB,subscription,20222,18524181.79,,18524181.79,916.04,,,,,
AuraEnt,2025-Q2,AuraEnt_Core,NA,Enterprise_Corp,subscription,2284,72637480.08,,72637480.08,31802.75,,,,,
AuraEnt,2025-Q3,AuraEnt_Core,NA,Enterprise_Corp,subscription,2213,67509688.77,,67509688.77,30505.96,,,,,
AuraEnt,2025-Q4,AuraEnt_Core,NA,Enterprise_Corp,subscription,2167,64920802.28,,64920802.28,29958.84,,,,,
AuraEnt,2026-Q1,AuraEnt_Core,NA,Enterprise_Corp,subscription,2252,70174075.79,,70174075.79,31160.78,,,,,
AuraEnt,2026-Q2,AuraEnt_Core,NA,Enterprise_Corp,subscription,2200,63660206.2,,63660206.2,28936.46,,,,,
AuraEnt,2025-Q2,AuraEnt_Core,NA,Advertiser,advertiser,641,,6992169.45,6992169.45,10908.22,190886417.0,0.0084,1610558.0,4.34,36.63
AuraEnt,2025-Q3,AuraEnt_Core,NA,Advertiser,advertiser,614,,22763692.61,22763692.61,37074.42,870171736.0,0.0201,17460657.0,1.3,26.16
AuraEnt,2025-Q4,AuraEnt_Core,NA,Advertiser,advertiser,604,,18923223.23,18923223.23,31329.84,738323185.0,0.0136,10025766.0,1.89,25.63
AuraEnt,2026-Q1,AuraEnt_Core,NA,Advertiser,advertiser,648,,31706886.65,31706886.65,48930.38,819087746.0,0.0144,11764532.0,2.7,38.71
AuraEnt,2026-Q2,AuraEnt_Core,NA,Advertiser,advertiser,625,,26756556.04,26756556.04,42810.49,869849026.0,0.0106,9207319.0,2.91,30.76
AuraEnt,2025-Q2,AuraEnt_Core,EMEA,Consumer_Standard,ad_supported,5936164,125881773.67,5688683.14,131570456.81,22.16,697142542.0,0.0067,4683815.0,1.21,8.16
AuraEnt,2025-Q3,AuraEnt_Core,EMEA,Consumer_Standard,ad_supported,5950315,133977183.15,10910194.78,144887377.93,24.35,836030251.0,0.0042,3527007.0,3.09,13.05
AuraEnt,2025-Q4,AuraEnt_Core,EMEA,Consumer_Standard,ad_supported,5894657,135833383.29,20747653.72,156581037.01,26.56,1096019742.0,0.0098,10771646.0,1.93,18.93
AuraEnt,2026-Q1,AuraEnt_Core,EMEA,Consumer_Standard,ad_supported,6019916,133707200.26,16988626.42,150695826.68,25.03,1058481397.0,0.012,12691012.0,1.34,16.05
AuraEnt,2026-Q2,AuraEnt_Core,EMEA,Consumer_Standard,ad_supported,5762467,128974390.23,9813954.36,138788344.59,24.08,691610596.0,0.012,8289024.0,1.18,14.19
AuraEnt,2025-Q2,AuraEnt_Core,EMEA,Consumer_Premium,subscription,2124354,65898448.57,,65898448.57,31.02,,,,,
AuraEnt,2025-Q3,AuraEnt_Core,EMEA,Consumer_Premium,subscription,2144486,66468227.98,,66468227.98,30.99,,,,,
AuraEnt,2025-Q4,AuraEnt_Core,EMEA,Consumer_Premium,subscription,2195123,67957743.44,,67957743.44,30.96,,,,,
AuraEnt,2026-Q1,AuraEnt_Core,EMEA,Consumer_Premium,subscription,2224257,68804499.66,,68804499.66,30.93,,,,,
AuraEnt,2026-Q2,AuraEnt_Core,EMEA,Consumer_Premium,subscription,2128565,66781247.52,,66781247.52,31.37,,,,,
AuraEnt,2025-Q2,AuraEnt_Core,EMEA,Enterprise_SMB,subscription,45214,37655400.02,,37655400.02,832.83,,,,,
AuraEnt,2025-Q3,AuraEnt_Core,EMEA,Enterprise_SMB,subscription,45474,36082162.05,,36082162.05,793.47,,,,,
AuraEnt,2025-Q4,AuraEnt_Core,EMEA,Enterprise_SMB,subscription,44639,39224286.49,,39224286.49,878.7,,,,,
AuraEnt,2026-Q1,AuraEnt_Core,EMEA,Enterprise_SMB,subscription,44909,37662161.86,,37662161.86,838.63,,,,,
AuraEnt,2026-Q2,AuraEnt_Core,EMEA,Enterprise_SMB,subscription,45550,38982573.82,,38982573.82,855.82,,,,,
AuraEnt,2025-Q2,AuraEnt_Core,EMEA,Enterprise_Corp,subscription,16846,379349641.74,,379349641.74,22518.68,,,,,
AuraEnt,2025-Q3,AuraEnt_Core,EMEA,Enterprise_Corp,subscription,17481,397621779.92,,397621779.92,22745.94,,,,,
AuraEnt,2025-Q4,AuraEnt_Core,EMEA,Enterprise_Corp,subscription,15609,346584963.62,,346584963.62,22204.17,,,,,
AuraEnt,2026-Q1,AuraEnt_Core,EMEA,Enterprise_Corp,subscription,15139,345048434.81,,345048434.81,22792.02,,,,,
AuraEnt,2026-Q2,AuraEnt_Core,EMEA,Enterprise_Corp,subscription,16616,376914037.68,,376914037.68,22683.8,,,,,
AuraEnt,2025-Q2,AuraEnt_Core,EMEA,Advertiser,advertiser,1709,,4902573.19,4902573.19,2868.68,249367914.0,0.006,1496207.0,3.28,19.66
AuraEnt,2025-Q3,AuraEnt_Core,EMEA,Advertiser,advertiser,1680,,23065778.59,23065778.59,13729.63,928947990.0,0.0093,8677012.0,2.66,24.83
AuraEnt,2025-Q4,AuraEnt_Core,EMEA,Advertiser,advertiser,1593,,28480463.48,28480463.48,17878.51,1238281021.0,0.0103,12728217.0,2.24,23.0
AuraEnt,2026-Q1,AuraEnt_Core,EMEA,Advertiser,advertiser,1633,,16069994.97,16069994.97,9840.78,716450957.0,0.0136,9729523.0,1.65,22.43
AuraEnt,2026-Q2,AuraEnt_Core,EMEA,Advertiser,advertiser,1635,,17136611.17,17136611.17,10481.11,910069632.0,0.0162,14747466.0,1.16,18.83
AuraEnt,2025-Q2,AuraEnt_Digital,NA,Consumer_Standard,ad_supported,3614766,68130136.54,11223253.5,79353390.04,21.95,611288317.0,0.0091,5571823.0,2.01,18.36
AuraEnt,2025-Q3,AuraEnt_Digital,NA,Consumer_Standard,ad_supported,3786898,73472713.37,7782211.35,81254924.72,21.46,342828694.0,0.0098,3367908.0,2.31,22.7
AuraEnt,2025-Q4,AuraEnt_Digital,NA,Consumer_Standard,ad_supported,3584893,66245736.33,5015300.7,71261037.03,19.88,309969141.0,0.0091,2819343.0,1.78,16.18
AuraEnt,2026-Q1,AuraEnt_Digital,NA,Consumer_Standard,ad_supported,3709374,71829661.01,8813700.65,80643361.66,21.74,421708165.0,0.0111,4670580.0,1.89,20.9
AuraEnt,2026-Q2,AuraEnt_Digital,NA,Consumer_Standard,ad_supported,3732200,70964162.81,13991379.59,84955542.4,22.76,631664993.0,0.0072,4556093.0,3.07,22.15
AuraEnt,2025-Q2,AuraEnt_Digital,NA,Consumer_Premium,subscription,1942273,99850533.74,,99850533.74,51.41,,,,,
AuraEnt,2025-Q3,AuraEnt_Digital,NA,Consumer_Premium,subscription,2189088,111158817.51,,111158817.51,50.78,,,,,
AuraEnt,2025-Q4,AuraEnt_Digital,NA,Consumer_Premium,subscription,2142723,107314508.52,,107314508.52,50.08,,,,,
AuraEnt,2026-Q1,AuraEnt_Digital,NA,Consumer_Premium,subscription,2094171,102452942.46,,102452942.46,48.92,,,,,
AuraEnt,2026-Q2,AuraEnt_Digital,NA,Consumer_Premium,subscription,1932835,100824179.77,,100824179.77,52.16,,,,,
AuraEnt,2025-Q2,AuraEnt_Digital,NA,Enterprise_SMB,subscription,29214,35510920.34,,35510920.34,1215.54,,,,,
AuraEnt,2025-Q3,AuraEnt_Digital,NA,Enterprise_SMB,subscription,30496,37717452.58,,37717452.58,1236.8,,,,,
AuraEnt,2025-Q4,AuraEnt_Digital,NA,Enterprise_SMB,subscription,31080,39587501.69,,39587501.69,1273.73,,,,,
AuraEnt,2026-Q1,AuraEnt_Digital,NA,Enterprise_SMB,subscription,31020,39303759.33,,39303759.33,1267.05,,,,,
AuraEnt,2026-Q2,AuraEnt_Digital,NA,Enterprise_SMB,subscription,32350,39668876.81,,39668876.81,1226.24,,,,,
AuraEnt,2025-Q2,AuraEnt_Digital,NA,Enterprise_Corp,subscription,4791,371714088.13,,371714088.13,77585.91,,,,,
AuraEnt,2025-Q3,AuraEnt_Digital,NA,Enterprise_Corp,subscription,4385,327313208.69,,327313208.69,74643.83,,,,,
AuraEnt,2025-Q4,AuraEnt_Digital,NA,Enterprise_Corp,subscription,4827,367694553.67,,367694553.67,76174.55,,,,,
AuraEnt,2026-Q1,AuraEnt_Digital,NA,Enterprise_Corp,subscription,4642,347316594.62,,347316594.62,74820.46,,,,,
AuraEnt,2026-Q2,AuraEnt_Digital,NA,Enterprise_Corp,subscription,4550,344727786.39,,344727786.39,75764.35,,,,,
AuraEnt,2025-Q2,AuraEnt_Digital,NA,Advertiser,advertiser,3070,,191495261.3,191495261.3,62376.31,4209612251.0,0.0161,67894804.0,2.82,45.49
AuraEnt,2025-Q3,AuraEnt_Digital,NA,Advertiser,advertiser,2886,,21137175.35,21137175.35,7324.04,747424871.0,0.0163,12190208.0,1.73,28.28
AuraEnt,2025-Q4,AuraEnt_Digital,NA,Advertiser,advertiser,3155,,58843174.17,58843174.17,18650.77,4224204894.0,0.0185,78266951.0,0.75,13.93
AuraEnt,2026-Q1,AuraEnt_Digital,NA,Advertiser,advertiser,3243,,95387208.7,95387208.7,29413.26,4143666755.0,0.0091,37792300.0,2.52,23.02
AuraEnt,2026-Q2,AuraEnt_Digital,NA,Advertiser,advertiser,3090,,63036310.22,63036310.22,20400.1,3620695590.0,0.0183,66396535.0,0.95,17.41
AuraEnt,2025-Q2,AuraEnt_Digital,EMEA,Consumer_Standard,ad_supported,3674065,65312771.29,3548246.17,68861017.46,18.74,576013988.0,0.0125,7205443.0,0.49,6.16
AuraEnt,2025-Q3,AuraEnt_Digital,EMEA,Consumer_Standard,ad_supported,3755139,64610209.13,8002432.97,72612642.1,19.34,463371915.0,0.0106,4931432.0,1.62,17.27
AuraEnt,2025-Q4,AuraEnt_Digital,EMEA,Consumer_Standard,ad_supported,3650388,64098672.73,10054018.45,74152691.18,20.31,657125389.0,0.0148,9737710.0,1.03,15.3
AuraEnt,2026-Q1,AuraEnt_Digital,EMEA,Consumer_Standard,ad_supported,3624173,64373397.26,2372167.89,66745565.15,18.42,289996075.0,0.0122,3527924.0,0.67,8.18
AuraEnt,2026-Q2,AuraEnt_Digital,EMEA,Consumer_Standard,ad_supported,3768235,67541857.08,9527492.26,77069349.34,20.45,715277197.0,0.0077,5507343.0,1.73,13.32
AuraEnt,2025-Q2,AuraEnt_Digital,EMEA,Consumer_Premium,subscription,5011549,205673970.96,,205673970.96,41.04,,,,,
AuraEnt,2025-Q3,AuraEnt_Digital,EMEA,Consumer_Premium,subscription,5135177,210747664.08,,210747664.08,41.04,,,,,
AuraEnt,2025-Q4,AuraEnt_Digital,EMEA,Consumer_Premium,subscription,5011112,205656036.48,,205656036.48,41.04,,,,,
AuraEnt,2026-Q1,AuraEnt_Digital,EMEA,Consumer_Premium,subscription,4851867,199120621.68,,199120621.68,41.04,,,,,
AuraEnt,2026-Q2,AuraEnt_Digital,EMEA,Consumer_Premium,subscription,5214505,213743831.82,,213743831.82,40.99,,,,,
AuraEnt,2025-Q2,AuraEnt_Digital,EMEA,Enterprise_SMB,subscription,69764,56549640.42,,56549640.42,810.58,,,,,
AuraEnt,2025-Q3,AuraEnt_Digital,EMEA,Enterprise_SMB,subscription,65775,52470794.08,,52470794.08,797.73,,,,,
AuraEnt,2025-Q4,AuraEnt_Digital,EMEA,Enterprise_SMB,subscription,63973,50083964.8,,50083964.8,782.89,,,,,
AuraEnt,2026-Q1,AuraEnt_Digital,EMEA,Enterprise_SMB,subscription,66213,54810909.82,,54810909.82,827.8,,,,,
AuraEnt,2026-Q2,AuraEnt_Digital,EMEA,Enterprise_SMB,subscription,65977,53842349.34,,53842349.34,816.08,,,,,
AuraEnt,2025-Q2,AuraEnt_Digital,EMEA,Enterprise_Corp,subscription,15834,170990105.3,,170990105.3,10798.92,,,,,
AuraEnt,2025-Q3,AuraEnt_Digital,EMEA,Enterprise_Corp,subscription,15618,158644532.54,,158644532.54,10157.8,,,,,
AuraEnt,2025-Q4,AuraEnt_Digital,EMEA,Enterprise_Corp,subscription,15154,158065485.61,,158065485.61,10430.61,,,,,
AuraEnt,2026-Q1,AuraEnt_Digital,EMEA,Enterprise_Corp,subscription,15226,162576891.97,,162576891.97,10677.58,,,,,
AuraEnt,2026-Q2,AuraEnt_Digital,EMEA,Enterprise_Corp,subscription,15656,175230681.06,,175230681.06,11192.56,,,,,
AuraEnt,2025-Q2,AuraEnt_Digital,EMEA,Advertiser,advertiser,3488,,53746524.19,53746524.19,15408.98,3004277484.0,0.012,36130626.0,1.49,17.89
AuraEnt,2025-Q3,AuraEnt_Digital,EMEA,Advertiser,advertiser,3413,,30982885.65,30982885.65,9077.9,1690282905.0,0.0122,20598204.0,1.5,18.33
AuraEnt,2025-Q4,AuraEnt_Digital,EMEA,Advertiser,advertiser,3841,,56861655.84,56861655.84,14803.87,2880529678.0,0.006,17283178.0,3.29,19.74
AuraEnt,2026-Q1,AuraEnt_Digital,EMEA,Advertiser,advertiser,3696,,46591997.2,46591997.2,12606.06,3027420221.0,0.0117,35315700.0,1.32,15.39
AuraEnt,2026-Q2,AuraEnt_Digital,EMEA,Advertiser,advertiser,3788,,11405893.78,11405893.78,3011.06,766010328.0,0.0084,6441576.0,1.77,14.89
FruitTech,2025-Q2,FruitTech_Core,NA,Consumer_Standard,ad_supported,1437987,27054853.29,3208598.2,30263451.49,21.05,144596584.0,0.0112,1622348.0,1.98,22.19
FruitTech,2025-Q3,FruitTech_Core,NA,Consumer_Standard,ad_supported,1428673,27500556.97,2622994.71,30123551.68,21.08,135066669.0,0.0067,901443.0,2.91,19.42
FruitTech,2025-Q4,FruitTech_Core,NA,Consumer_Standard,ad_supported,1478364,27512355.32,1936591.26,29448946.58,19.92,85841811.0,0.0085,733152.0,2.64,22.56
FruitTech,2026-Q1,FruitTech_Core,NA,Consumer_Standard,ad_supported,1413957,28236168.37,4577420.02,32813588.39,23.21,180497635.0,0.0071,1275141.0,3.59,25.36
FruitTech,2026-Q2,FruitTech_Core,NA,Consumer_Standard,ad_supported,1394880,26486092.58,4417213.19,30903305.77,22.15,166939274.0,0.0095,1590056.0,2.78,26.46
FruitTech,2025-Q2,FruitTech_Core,NA,Consumer_Premium,subscription,7476373,387974675.93,,387974675.93,51.89,,,,,
FruitTech,2025-Q3,FruitTech_Core,NA,Consumer_Premium,subscription,7490415,405907866.62,,405907866.62,54.19,,,,,
FruitTech,2025-Q4,FruitTech_Core,NA,Consumer_Premium,subscription,7805063,429195533.79,,429195533.79,54.99,,,,,
FruitTech,2026-Q1,FruitTech_Core,NA,Consumer_Premium,subscription,8236782,423400771.53,,423400771.53,51.4,,,,,
FruitTech,2026-Q2,FruitTech_Core,NA,Consumer_Premium,subscription,7657971,392190137.28,,392190137.28,51.21,,,,,
FruitTech,2025-Q2,FruitTech_Core,NA,Enterprise_SMB,subscription,109810,191998249.9,,191998249.9,1748.46,,,,,
FruitTech,2025-Q3,FruitTech_Core,NA,Enterprise_SMB,subscription,113398,197439457.8,,197439457.8,1741.12,,,,,
FruitTech,2025-Q4,FruitTech_Core,NA,Enterprise_SMB,subscription,117274,205749160.11,,205749160.11,1754.43,,,,,
FruitTech,2026-Q1,FruitTech_Core,NA,Enterprise_SMB,subscription,125006,221910250.16,,221910250.16,1775.2,,,,,
FruitTech,2026-Q2,FruitTech_Core,NA,Enterprise_SMB,subscription,114248,198519453.24,,198519453.24,1737.62,,,,,
FruitTech,2025-Q2,FruitTech_Core,NA,Enterprise_Corp,subscription,17851,968545530.95,,968545530.95,54257.21,,,,,
FruitTech,2025-Q3,FruitTech_Core,NA,Enterprise_Corp,subscription,16389,887333244.45,,887333244.45,54142.0,,,,,
FruitTech,2025-Q4,FruitTech_Core,NA,Enterprise_Corp,subscription,16523,922215396.28,,922215396.28,55814.04,,,,,
FruitTech,2026-Q1,FruitTech_Core,NA,Enterprise_Corp,subscription,17667,953807335.46,,953807335.46,53988.08,,,,,
FruitTech,2026-Q2,FruitTech_Core,NA,Enterprise_Corp,subscription,15743,827246020.79,,827246020.79,52546.91,,,,,
FruitTech,2025-Q2,FruitTech_Core,NA,Advertiser,advertiser,1594,,31279379.52,31279379.52,19623.2,917552934.0,0.0152,13952501.0,2.24,34.09
FruitTech,2025-Q3,FruitTech_Core,NA,Advertiser,advertiser,1442,,13603115.81,13603115.81,9433.51,805394660.0,0.0128,10306588.0,1.32,16.89
FruitTech,2025-Q4,FruitTech_Core,NA,Advertiser,advertiser,1513,,11641071.28,11641071.28,7694.03,459395078.0,0.0117,5396107.0,2.16,25.34
FruitTech,2026-Q1,FruitTech_Core,NA,Advertiser,advertiser,1528,,32759887.01,32759887.01,21439.72,1147456638.0,0.0124,14184175.0,2.31,28.55
FruitTech,2026-Q2,FruitTech_Core,NA,Advertiser,advertiser,1428,,29947241.14,29947241.14,20971.46,887062830.0,0.0142,12559722.0,2.38,33.76
FruitTech,2025-Q2,FruitTech_Core,EMEA,Consumer_Standard,ad_supported,4832942,114830701.92,3919448.57,118750150.49,24.57,321003159.0,0.0115,3694916.0,1.06,12.21
FruitTech,2025-Q3,FruitTech_Core,EMEA,Consumer_Standard,ad_supported,5304715,126040028.4,3583862.9,129623891.3,24.44,504059480.0,0.0102,5150235.0,0.7,7.11
FruitTech,2025-Q4,FruitTech_Core,EMEA,Consumer_Standard,ad_supported,5323471,126485670.96,7972217.25,134457888.21,25.26,506816100.0,0.0084,4237526.0,1.88,15.73
FruitTech,2026-Q1,FruitTech_Core,EMEA,Consumer_Standard,ad_supported,5339796,126873552.96,12140235.71,139013788.67,26.03,760666398.0,0.0103,7850561.0,1.55,15.96
FruitTech,2026-Q2,FruitTech_Core,EMEA,Consumer_Standard,ad_supported,5196179,120935810.69,7021440.25,127957250.94,24.63,504776438.0,0.0127,6428825.0,1.09,13.91
FruitTech,2025-Q2,FruitTech_Core,EMEA,Consumer_Premium,subscription,4113427,140460639.16,,140460639.16,34.15,,,,,
FruitTech,2025-Q3,FruitTech_Core,EMEA,Consumer_Premium,subscription,3834648,133969578.36,,133969578.36,34.94,,,,,
FruitTech,2025-Q4,FruitTech_Core,EMEA,Consumer_Premium,subscription,4032541,135614323.24,,135614323.24,33.63,,,,,
FruitTech,2026-Q1,FruitTech_Core,EMEA,Consumer_Premium,subscription,3737074,123928515.79,,123928515.79,33.16,,,,,
FruitTech,2026-Q2,FruitTech_Core,EMEA,Consumer_Premium,subscription,3918327,133059952.8,,133059952.8,33.96,,,,,
FruitTech,2025-Q2,FruitTech_Core,EMEA,Enterprise_SMB,subscription,102088,35818572.62,,35818572.62,350.86,,,,,
FruitTech,2025-Q3,FruitTech_Core,EMEA,Enterprise_SMB,subscription,100608,35603737.15,,35603737.15,353.89,,,,,
FruitTech,2025-Q4,FruitTech_Core,EMEA,Enterprise_SMB,subscription,102125,36839961.83,,36839961.83,360.73,,,,,
FruitTech,2026-Q1,FruitTech_Core,EMEA,Enterprise_SMB,subscription,97430,34591678.58,,34591678.58,355.04,,,,,
FruitTech,2026-Q2,FruitTech_Core,EMEA,Enterprise_SMB,subscription,103404,37226590.81,,37226590.81,360.01,,,,,
FruitTech,2025-Q2,FruitTech_Core,EMEA,Enterprise_Corp,subscription,10854,398773773.36,,398773773.36,36739.8,,,,,
FruitTech,2025-Q3,FruitTech_Core,EMEA,Enterprise_Corp,subscription,11674,417362750.89,,417362750.89,35751.48,,,,,
FruitTech,2025-Q4,FruitTech_Core,EMEA,Enterprise_Corp,subscription,11337,400334961.83,,400334961.83,35312.25,,,,,
FruitTech,2026-Q1,FruitTech_Core,EMEA,Enterprise_Corp,subscription,11539,405824937.07,,405824937.07,35169.85,,,,,
FruitTech,2026-Q2,FruitTech_Core,EMEA,Enterprise_Corp,subscription,11367,412211666.71,,412211666.71,36263.89,,,,,
FruitTech,2025-Q2,FruitTech_Core,EMEA,Advertiser,advertiser,2231,,10404043.36,10404043.36,4663.4,985231379.0,0.0097,9598231.0,1.08,10.56
FruitTech,2025-Q3,FruitTech_Core,EMEA,Advertiser,advertiser,2333,,14280904.73,14280904.73,6121.26,711909508.0,0.0075,5336233.0,2.68,20.06
FruitTech,2025-Q4,FruitTech_Core,EMEA,Advertiser,advertiser,2387,,4859072.66,4859072.66,2035.64,264799600.0,0.006,1588797.0,3.06,18.35
FruitTech,2026-Q1,FruitTech_Core,EMEA,Advertiser,advertiser,2192,,26068057.15,26068057.15,11892.36,1231367839.0,0.0162,19912982.0,1.31,21.17
FruitTech,2026-Q2,FruitTech_Core,EMEA,Advertiser,advertiser,2214,,8083616.8,8083616.8,3651.14,531816895.0,0.0129,6878703.0,1.18,15.2
FruitTech,2025-Q2,FruitTech_Digital,NA,Consumer_Standard,ad_supported,6874654,163283793.7,23436227.17,186720020.87,27.16,937074257.0,0.0142,13319492.0,1.76,25.01
FruitTech,2025-Q3,FruitTech_Digital,NA,Consumer_Standard,ad_supported,6951694,172244371.52,21977224.99,194221596.51,27.94,966456684.0,0.0111,10724876.0,2.05,22.74
FruitTech,2025-Q4,FruitTech_Digital,NA,Consumer_Standard,ad_supported,6869870,169453423.91,23978457.53,193431881.44,28.16,968435280.0,0.0125,12133973.0,1.98,24.76
FruitTech,2026-Q1,FruitTech_Digital,NA,Consumer_Standard,ad_supported,6280571,157786960.13,17742098.77,175529058.9,27.95,653966044.0,0.0092,5985001.0,2.96,27.13
FruitTech,2026-Q2,FruitTech_Digital,NA,Consumer_Standard,ad_supported,6906603,162410535.36,4130111.08,166540646.44,24.11,333342299.0,0.0141,4693698.0,0.88,12.39
FruitTech,2025-Q2,FruitTech_Digital,NA,Consumer_Premium,subscription,3712235,178248337.97,,178248337.97,48.02,,,,,
FruitTech,2025-Q3,FruitTech_Digital,NA,Consumer_Premium,subscription,3644516,175780157.68,,175780157.68,48.23,,,,,
FruitTech,2025-Q4,FruitTech_Digital,NA,Consumer_Premium,subscription,3830397,192969824.01,,192969824.01,50.38,,,,,
FruitTech,2026-Q1,FruitTech_Digital,NA,Consumer_Premium,subscription,3498816,171387570.21,,171387570.21,48.98,,,,,
FruitTech,2026-Q2,FruitTech_Digital,NA,Consumer_Premium,subscription,3608597,184280549.49,,184280549.49,51.07,,,,,
FruitTech,2025-Q2,FruitTech_Digital,NA,Enterprise_SMB,subscription,20610,42897496.56,,42897496.56,2081.39,,,,,
FruitTech,2025-Q3,FruitTech_Digital,NA,Enterprise_SMB,subscription,20152,42330171.4,,42330171.4,2100.54,,,,,
FruitTech,2025-Q4,FruitTech_Digital,NA,Enterprise_SMB,subscription,19727,42377418.17,,42377418.17,2148.19,,,,,
FruitTech,2026-Q1,FruitTech_Digital,NA,Enterprise_SMB,subscription,19760,40058638.61,,40058638.61,2027.26,,,,,
FruitTech,2026-Q2,FruitTech_Digital,NA,Enterprise_SMB,subscription,20363,41689680.14,,41689680.14,2047.33,,,,,
FruitTech,2025-Q2,FruitTech_Digital,NA,Enterprise_Corp,subscription,5444,364866187.38,,364866187.38,67021.71,,,,,
FruitTech,2025-Q3,FruitTech_Digital,NA,Enterprise_Corp,subscription,6008,412135025.44,,412135025.44,68597.71,,,,,
FruitTech,2025-Q4,FruitTech_Digital,NA,Enterprise_Corp,subscription,5668,371162437.82,,371162437.82,65483.85,,,,,
FruitTech,2026-Q1,FruitTech_Digital,NA,Enterprise_Corp,subscription,5494,378358902.42,,378358902.42,68867.66,,,,,
FruitTech,2026-Q2,FruitTech_Digital,NA,Enterprise_Corp,subscription,5422,379781954.1,,379781954.1,70044.62,,,,,
FruitTech,2025-Q2,FruitTech_Digital,NA,Advertiser,advertiser,3464,,89017768.52,89017768.52,25697.97,3375721218.0,0.0114,38611633.0,2.31,26.37
FruitTech,2025-Q3,FruitTech_Digital,NA,Advertiser,advertiser,3470,,19587297.39,19587297.39,5644.75,713043225.0,0.015,10662530.0,1.84,27.47
FruitTech,2025-Q4,FruitTech_Digital,NA,Advertiser,advertiser,3447,,63266906.34,63266906.34,18354.19,2209811608.0,0.0128,28226389.0,2.24,28.63
FruitTech,2026-Q1,FruitTech_Digital,NA,Advertiser,advertiser,3703,,82450324.03,82450324.03,22265.82,2814004233.0,0.0064,18086492.0,4.56,29.3
FruitTech,2026-Q2,FruitTech_Digital,NA,Advertiser,advertiser,3689,,54467126.05,54467126.05,14764.74,1932143528.0,0.0118,22718534.0,2.4,28.19
FruitTech,2025-Q2,FruitTech_Digital,EMEA,Consumer_Standard,ad_supported,9148813,171108780.5,9561549.18,180670329.68,19.75,858307826.0,0.0087,7465860.0,1.28,11.14
FruitTech,2025-Q3,FruitTech_Digital,EMEA,Consumer_Standard,ad_supported,8962599,170476063.51,20574415.95,191050479.46,21.32,1237186768.0,0.0117,14468876.0,1.42,16.63
FruitTech,2025-Q4,FruitTech_Digital,EMEA,Consumer_Standard,ad_supported,9432170,179413360.1,13798547.07,193211907.17,20.48,1150837954.0,0.0107,12343174.0,1.12,11.99
FruitTech,2026-Q1,FruitTech_Digital,EMEA,Consumer_Standard,ad_supported,10121649,188537117.07,12632488.61,201169605.68,19.88,876039432.0,0.0123,10777062.0,1.17,14.42
FruitTech,2026-Q2,FruitTech_Digital,EMEA,Consumer_Standard,ad_supported,8948153,173261400.73,6540892.59,179802293.32,20.09,377431771.0,0.0077,2893847.0,2.26,17.33
FruitTech,2025-Q2,FruitTech_Digital,EMEA,Consumer_Premium,subscription,3735619,135560359.47,,135560359.47,36.29,,,,,
FruitTech,2025-Q3,FruitTech_Digital,EMEA,Consumer_Premium,subscription,3518674,130589989.69,,130589989.69,37.11,,,,,
FruitTech,2025-Q4,FruitTech_Digital,EMEA,Consumer_Premium,subscription,3539246,126281463.73,,126281463.73,35.68,,,,,
FruitTech,2026-Q1,FruitTech_Digital,EMEA,Consumer_Premium,subscription,3439767,124589920.72,,124589920.72,36.22,,,,,
FruitTech,2026-Q2,FruitTech_Digital,EMEA,Consumer_Premium,subscription,3577760,127791141.34,,127791141.34,35.72,,,,,
FruitTech,2025-Q2,FruitTech_Digital,EMEA,Enterprise_SMB,subscription,52282,88776349.7,,88776349.7,1698.03,,,,,
FruitTech,2025-Q3,FruitTech_Digital,EMEA,Enterprise_SMB,subscription,49656,81380345.71,,81380345.71,1638.88,,,,,
FruitTech,2025-Q4,FruitTech_Digital,EMEA,Enterprise_SMB,subscription,53064,84435865.94,,84435865.94,1591.21,,,,,
FruitTech,2026-Q1,FruitTech_Digital,EMEA,Enterprise_SMB,subscription,52418,88104422.23,,88104422.23,1680.8,,,,,
FruitTech,2026-Q2,FruitTech_Digital,EMEA,Enterprise_SMB,subscription,54397,91395428.36,,91395428.36,1680.16,,,,,
FruitTech,2025-Q2,FruitTech_Digital,EMEA,Enterprise_Corp,subscription,15354,165424797.64,,165424797.64,10774.05,,,,,
FruitTech,2025-Q3,FruitTech_Digital,EMEA,Enterprise_Corp,subscription,15050,163175215.0,,163175215.0,10842.21,,,,,
FruitTech,2025-Q4,FruitTech_Digital,EMEA,Enterprise_Corp,subscription,14770,157418652.82,,157418652.82,10658.0,,,,,
FruitTech,2026-Q1,FruitTech_Digital,EMEA,Enterprise_Corp,subscription,15781,169707276.36,,169707276.36,10753.9,,,,,
FruitTech,2026-Q2,FruitTech_Digital,EMEA,Enterprise_Corp,subscription,16305,169251653.21,,169251653.21,10380.35,,,,,
FruitTech,2025-Q2,FruitTech_Digital,EMEA,Advertiser,advertiser,1124,,8493767.83,8493767.83,7556.73,478791873.0,0.016,7656692.0,1.11,17.74
FruitTech,2025-Q3,FruitTech_Digital,EMEA,Advertiser,advertiser,1134,,12123239.17,12123239.17,10690.69,433127516.0,0.0186,8071677.0,1.5,27.99
FruitTech,2025-Q4,FruitTech_Digital,EMEA,Advertiser,advertiser,1195,,11449767.13,11449767.13,9581.4,757259731.0,0.0068,5118429.0,2.24,15.12
FruitTech,2026-Q1,FruitTech_Digital,EMEA,Advertiser,advertiser,1135,,6281041.81,6281041.81,5533.96,334631956.0,0.0151,5050081.0,1.24,18.77
FruitTech,2026-Q2,FruitTech_Digital,EMEA,Advertiser,advertiser,1167,,10137555.0,10137555.0,8686.85,524446715.0,0.0139,7274417.0,1.39,19.33
StreamFlix,2025-Q2,StreamFlix_Core,NA,Consumer_Standard,ad_supported,10245289,184415202.0,18304633.24,202719835.24,19.79,1175634762.0,0.0112,13131240.0,1.39,15.57
StreamFlix,2025-Q3,StreamFlix_Core,NA,Consumer_Standard,ad_supported,10754875,201838206.39,32571474.46,234409680.85,21.8,1354886625.0,0.0083,11184082.0,2.91,24.04
StreamFlix,2025-Q4,StreamFlix_Core,NA,Consumer_Standard,ad_supported,10911390,198651476.41,55940407.94,254591884.35,23.33,2160695556.0,0.0141,30394983.0,1.84,25.89
StreamFlix,2026-Q1,StreamFlix_Core,NA,Consumer_Standard,ad_supported,10732296,198811689.51,30030757.22,228842446.73,21.32,1306821463.0,0.0124,16209106.0,1.85,22.98
StreamFlix,2026-Q2,StreamFlix_Core,NA,Consumer_Standard,ad_supported,11001372,206863747.51,40613350.88,247477098.39,22.5,1566873105.0,0.0113,17680247.0,2.3,25.92
StreamFlix,2025-Q2,StreamFlix_Core,NA,Consumer_Premium,subscription,3330658,149520584.91,,149520584.91,44.89,,,,,
StreamFlix,2025-Q3,StreamFlix_Core,NA,Consumer_Premium,subscription,3608024,170656250.02,,170656250.02,47.3,,,,,
StreamFlix,2025-Q4,StreamFlix_Core,NA,Consumer_Premium,subscription,3223167,148806625.59,,148806625.59,46.17,,,,,
StreamFlix,2026-Q1,StreamFlix_Core,NA,Consumer_Premium,subscription,3516875,164146264.82,,164146264.82,46.67,,,,,
StreamFlix,2026-Q2,StreamFlix_Core,NA,Consumer_Premium,subscription,3365207,163659704.01,,163659704.01,48.63,,,,,
StreamFlix,2025-Q2,StreamFlix_Core,NA,Enterprise_SMB,subscription,67943,44316173.04,,44316173.04,652.26,,,,,
StreamFlix,2025-Q3,StreamFlix_Core,NA,Enterprise_SMB,subscription,68606,45321059.0,,45321059.0,660.6,,,,,
StreamFlix,2025-Q4,StreamFlix_Core,NA,Enterprise_SMB,subscription,67913,44404248.96,,44404248.96,653.84,,,,,
StreamFlix,2026-Q1,StreamFlix_Core,NA,Enterprise_SMB,subscription,66849,43251564.77,,43251564.77,647.0,,,,,
StreamFlix,2026-Q2,StreamFlix_Core,NA,Enterprise_SMB,subscription,67702,43968768.52,,43968768.52,649.45,,,,,
StreamFlix,2025-Q2,StreamFlix_Core,NA,Enterprise_Corp,subscription,15531,742176524.55,,742176524.55,47786.78,,,,,
StreamFlix,2025-Q3,StreamFlix_Core,NA,Enterprise_Corp,subscription,14815,708372559.87,,708372559.87,47814.55,,,,,
StreamFlix,2025-Q4,StreamFlix_Core,NA,Enterprise_Corp,subscription,15225,730238814.0,,730238814.0,47963.14,,,,,
StreamFlix,2026-Q1,StreamFlix_Core,NA,Enterprise_Corp,subscription,16399,772628153.09,,772628153.09,47114.35,,,,,
StreamFlix,2026-Q2,StreamFlix_Core,NA,Enterprise_Corp,subscription,15462,757628353.13,,757628353.13,48999.38,,,,,
StreamFlix,2025-Q2,StreamFlix_Core,NA,Advertiser,advertiser,6675,,302499683.65,302499683.65,45318.3,11684035676.0,0.0108,126243400.0,2.4,25.89
StreamFlix,2025-Q3,StreamFlix_Core,NA,Advertiser,advertiser,6230,,260073740.51,260073740.51,41745.38,9481361302.0,0.019,180491549.0,1.44,27.43
StreamFlix,2025-Q4,StreamFlix_Core,NA,Advertiser,advertiser,6106,,164816002.54,164816002.54,26992.47,6916324068.0,0.0111,76923866.0,2.14,23.83
StreamFlix,2026-Q1,StreamFlix_Core,NA,Advertiser,advertiser,5976,,61618594.37,61618594.37,10311.01,2230941143.0,0.0145,32369728.0,1.9,27.62
StreamFlix,2026-Q2,StreamFlix_Core,NA,Advertiser,advertiser,6332,,341000991.75,341000991.75,53853.6,10787756778.0,0.0149,160707254.0,2.12,31.61
StreamFlix,2025-Q2,StreamFlix_Core,EMEA,Consumer_Standard,ad_supported,4315283,72762225.87,6648646.79,79410872.66,18.4,620788683.0,0.0094,5857379.0,1.14,10.71
StreamFlix,2025-Q3,StreamFlix_Core,EMEA,Consumer_Standard,ad_supported,4638366,78125837.5,23502255.64,101628093.14,21.91,1051084778.0,0.0147,15494707.0,1.52,22.36
StreamFlix,2025-Q4,StreamFlix_Core,EMEA,Consumer_Standard,ad_supported,4177549,68007159.37,5240418.66,73247578.03,17.53,508778511.0,0.0084,4297927.0,1.22,10.3
StreamFlix,2026-Q1,StreamFlix_Core,EMEA,Consumer_Standard,ad_supported,4393321,70655649.88,14787775.14,85443425.02,19.45,977381040.0,0.0112,10902778.0,1.36,15.13
StreamFlix,2026-Q2,StreamFlix_Core,EMEA,Consumer_Standard,ad_supported,4516911,76023620.71,11700870.22,87724490.93,19.42,814256800.0,0.0174,14138291.0,0.83,14.37
StreamFlix,2025-Q2,StreamFlix_Core,EMEA,Consumer_Premium,subscription,4300229,175621062.86,,175621062.86,40.84,,,,,
StreamFlix,2025-Q3,StreamFlix_Core,EMEA,Consumer_Premium,subscription,4555582,183809168.48,,183809168.48,40.35,,,,,
StreamFlix,2025-Q4,StreamFlix_Core,EMEA,Consumer_Premium,subscription,4892023,200768623.92,,200768623.92,41.04,,,,,
StreamFlix,2026-Q1,StreamFlix_Core,EMEA,Consumer_Premium,subscription,4689340,187009507.65,,187009507.65,39.88,,,,,
StreamFlix,2026-Q2,StreamFlix_Core,EMEA,Consumer_Premium,subscription,4417180,180484411.8,,180484411.8,40.86,,,,,
StreamFlix,2025-Q2,StreamFlix_Core,EMEA,Enterprise_SMB,subscription,11102,9646053.35,,9646053.35,868.86,,,,,
StreamFlix,2025-Q3,StreamFlix_Core,EMEA,Enterprise_SMB,subscription,11867,10301779.22,,10301779.22,868.1,,,,,
StreamFlix,2025-Q4,StreamFlix_Core,EMEA,Enterprise_SMB,subscription,11528,9926547.19,,9926547.19,861.08,,,,,
StreamFlix,2026-Q1,StreamFlix_Core,EMEA,Enterprise_SMB,subscription,11789,10312140.14,,10312140.14,874.73,,,,,
StreamFlix,2026-Q2,StreamFlix_Core,EMEA,Enterprise_SMB,subscription,12109,10851555.41,,10851555.41,896.16,,,,,
StreamFlix,2025-Q2,StreamFlix_Core,EMEA,Enterprise_Corp,subscription,4673,301295437.07,,301295437.07,64475.81,,,,,
StreamFlix,2025-Q3,StreamFlix_Core,EMEA,Enterprise_Corp,subscription,4535,293680417.46,,293680417.46,64758.64,,,,,
StreamFlix,2025-Q4,StreamFlix_Core,EMEA,Enterprise_Corp,subscription,4759,311944322.86,,311944322.86,65548.29,,,,,
StreamFlix,2026-Q1,StreamFlix_Core,EMEA,Enterprise_Corp,subscription,4886,303658880.14,,303658880.14,62148.77,,,,,
StreamFlix,2026-Q2,StreamFlix_Core,EMEA,Enterprise_Corp,subscription,4606,292625371.61,,292625371.61,63531.34,,,,,
StreamFlix,2025-Q2,StreamFlix_Core,EMEA,Advertiser,advertiser,2896,,41659281.8,41659281.8,14385.11,2873053917.0,0.0144,41287847.0,1.01,14.5
StreamFlix,2025-Q3,StreamFlix_Core,EMEA,Advertiser,advertiser,2914,,51789871.69,51789871.69,17772.78,2890059804.0,0.0149,43169382.0,1.2,17.92
StreamFlix,2025-Q4,StreamFlix_Core,EMEA,Advertiser,advertiser,2964,,30961870.15,30961870.15,10445.98,2319241210.0,0.0159,36969463.0,0.84,13.35
StreamFlix,2026-Q1,StreamFlix_Core,EMEA,Advertiser,advertiser,2777,,17265182.57,17265182.57,6217.21,1003206425.0,0.0098,9855724.0,1.75,17.21
StreamFlix,2026-Q2,StreamFlix_Core,EMEA,Advertiser,advertiser,2897,,18499377.08,18499377.08,6385.7,1288257457.0,0.0189,24370614.0,0.76,14.36
StreamFlix,2025-Q2,StreamFlix_Digital,NA,Consumer_Standard,ad_supported,10652889,239099042.74,44714805.3,283813848.04,26.64,2057745297.0,0.0088,18038462.0,2.48,21.73
StreamFlix,2025-Q3,StreamFlix_Digital,NA,Consumer_Standard,ad_supported,10896119,241995175.79,21768129.98,263763305.77,24.21,2157396430.0,0.013,28101024.0,0.77,10.09
StreamFlix,2025-Q4,StreamFlix_Digital,NA,Consumer_Standard,ad_supported,10848480,240042490.48,46849509.61,286892000.09,26.45,1708588972.0,0.0117,20058919.0,2.34,27.42
StreamFlix,2026-Q1,StreamFlix_Digital,NA,Consumer_Standard,ad_supported,10674066,228972764.11,18201204.54,247173968.65,23.16,865487615.0,0.0114,9879208.0,1.84,21.03
StreamFlix,2026-Q2,StreamFlix_Digital,NA,Consumer_Standard,ad_supported,10647585,247467119.31,13271679.73,260738799.04,24.49,1039285805.0,0.0104,10764065.0,1.23,12.77
StreamFlix,2025-Q2,StreamFlix_Digital,NA,Consumer_Premium,subscription,7264618,397477237.53,,397477237.53,54.71,,,,,
StreamFlix,2025-Q3,StreamFlix_Digital,NA,Consumer_Premium,subscription,7317691,417108387.0,,417108387.0,57.0,,,,,
StreamFlix,2025-Q4,StreamFlix_Digital,NA,Consumer_Premium,subscription,7193123,373768244.89,,373768244.89,51.96,,,,,
StreamFlix,2026-Q1,StreamFlix_Digital,NA,Consumer_Premium,subscription,6846158,390231006.0,,390231006.0,57.0,,,,,
StreamFlix,2026-Q2,StreamFlix_Digital,NA,Consumer_Premium,subscription,7026821,375707779.64,,375707779.64,53.47,,,,,
StreamFlix,2025-Q2,StreamFlix_Digital,NA,Enterprise_SMB,subscription,110849,133275219.01,,133275219.01,1202.31,,,,,
StreamFlix,2025-Q3,StreamFlix_Digital,NA,Enterprise_SMB,subscription,108469,130690142.48,,130690142.48,1204.86,,,,,
StreamFlix,2025-Q4,StreamFlix_Digital,NA,Enterprise_SMB,subscription,109349,137950203.02,,137950203.02,1261.56,,,,,
StreamFlix,2026-Q1,StreamFlix_Digital,NA,Enterprise_SMB,subscription,110356,126612297.24,,126612297.24,1147.31,,,,,
StreamFlix,2026-Q2,StreamFlix_Digital,NA,Enterprise_SMB,subscription,108425,133136876.89,,133136876.89,1227.92,,,,,
StreamFlix,2025-Q2,StreamFlix_Digital,NA,Enterprise_Corp,subscription,10217,767321092.53,,767321092.53,75102.39,,,,,
StreamFlix,2025-Q3,StreamFlix_Digital,NA,Enterprise_Corp,subscription,10701,830938976.69,,830938976.69,77650.59,,,,,
StreamFlix,2025-Q4,StreamFlix_Digital,NA,Enterprise_Corp,subscription,10101,728028088.82,,728028088.82,72074.85,,,,,
StreamFlix,2026-Q1,StreamFlix_Digital,NA,Enterprise_Corp,subscription,10260,739807066.3,,739807066.3,72105.95,,,,,
StreamFlix,2026-Q2,StreamFlix_Digital,NA,Enterprise_Corp,subscription,10051,683387687.19,,683387687.19,67992.01,,,,,
StreamFlix,2025-Q2,StreamFlix_Digital,NA,Advertiser,advertiser,3137,,114168024.54,114168024.54,36394.01,3193511176.0,0.0141,44880019.0,2.54,35.75
StreamFlix,2025-Q3,StreamFlix_Digital,NA,Advertiser,advertiser,3125,,30923997.87,30923997.87,9895.68,1091178471.0,0.0195,21250851.0,1.46,28.34
StreamFlix,2025-Q4,StreamFlix_Digital,NA,Advertiser,advertiser,3150,,87770881.91,87770881.91,27863.77,2119557641.0,0.0156,33107340.0,2.65,41.41
StreamFlix,2026-Q1,StreamFlix_Digital,NA,Advertiser,advertiser,3068,,66324748.67,66324748.67,21618.24,2362833939.0,0.0186,43856591.0,1.51,28.07
StreamFlix,2026-Q2,StreamFlix_Digital,NA,Advertiser,advertiser,2843,,132362558.17,132362558.17,46557.35,4561080571.0,0.0199,90673136.0,1.46,29.02
StreamFlix,2025-Q2,StreamFlix_Digital,EMEA,Consumer_Standard,ad_supported,8122496,161015876.66,9202468.45,170218345.11,20.96,759279575.0,0.0109,8275532.0,1.11,12.12
StreamFlix,2025-Q3,StreamFlix_Digital,EMEA,Consumer_Standard,ad_supported,8407751,185243071.99,10286316.42,195529388.41,23.26,632614786.0,0.0141,8950547.0,1.15,16.26
StreamFlix,2025-Q4,StreamFlix_Digital,EMEA,Consumer_Standard,ad_supported,8810958,180801903.34,18433565.38,199235468.72,22.61,1140690927.0,0.0104,11902244.0,1.55,16.16
StreamFlix,2026-Q1,StreamFlix_Digital,EMEA,Consumer_Standard,ad_supported,8102928,166329831.6,12956488.16,179286319.76,22.13,811810035.0,0.0155,12587997.0,1.03,15.96
StreamFlix,2026-Q2,StreamFlix_Digital,EMEA,Consumer_Standard,ad_supported,8571623,179448308.63,16870061.88,196318370.51,22.9,1692082435.0,0.0116,19615751.0,0.86,9.97
StreamFlix,2025-Q2,StreamFlix_Digital,EMEA,Consumer_Premium,subscription,2377739,89472232.26,,89472232.26,37.63,,,,,
StreamFlix,2025-Q3,StreamFlix_Digital,EMEA,Consumer_Premium,subscription,2478880,94088316.83,,94088316.83,37.96,,,,,
StreamFlix,2025-Q4,StreamFlix_Digital,EMEA,Consumer_Premium,subscription,2270544,82226027.72,,82226027.72,36.21,,,,,
StreamFlix,2026-Q1,StreamFlix_Digital,EMEA,Consumer_Premium,subscription,2390416,92813995.42,,92813995.42,38.83,,,,,
StreamFlix,2026-Q2,StreamFlix_Digital,EMEA,Consumer_Premium,subscription,2471482,92798452.05,,92798452.05,37.55,,,,,
StreamFlix,2025-Q2,StreamFlix_Digital,EMEA,Enterprise_SMB,subscription,27383,29965781.49,,29965781.49,1094.32,,,,,
StreamFlix,2025-Q3,StreamFlix_Digital,EMEA,Enterprise_SMB,subscription,27171,28990714.62,,28990714.62,1066.97,,,,,
StreamFlix,2025-Q4,StreamFlix_Digital,EMEA,Enterprise_SMB,subscription,28131,31386410.45,,31386410.45,1115.72,,,,,
StreamFlix,2026-Q1,StreamFlix_Digital,EMEA,Enterprise_SMB,subscription,27897,28130970.69,,28130970.69,1008.39,,,,,
StreamFlix,2026-Q2,StreamFlix_Digital,EMEA,Enterprise_SMB,subscription,28734,30306091.01,,30306091.01,1054.71,,,,,
StreamFlix,2025-Q2,StreamFlix_Digital,EMEA,Enterprise_Corp,subscription,12670,701859260.44,,701859260.44,55395.36,,,,,
StreamFlix,2025-Q3,StreamFlix_Digital,EMEA,Enterprise_Corp,subscription,12115,649772631.22,,649772631.22,53633.73,,,,,
StreamFlix,2025-Q4,StreamFlix_Digital,EMEA,Enterprise_Corp,subscription,13092,700460342.96,,700460342.96,53502.93,,,,,
StreamFlix,2026-Q1,StreamFlix_Digital,EMEA,Enterprise_Corp,subscription,12081,667248860.59,,667248860.59,55231.26,,,,,
StreamFlix,2026-Q2,StreamFlix_Digital,EMEA,Enterprise_Corp,subscription,13286,721028105.4,,721028105.4,54269.77,,,,,
StreamFlix,2025-Q2,StreamFlix_Digital,EMEA,Advertiser,advertiser,3251,,16427911.5,16427911.5,5053.19,1168414758.0,0.0152,17801029.0,0.92,14.06
StreamFlix,2025-Q3,StreamFlix_Digital,EMEA,Advertiser,advertiser,3347,,36047288.52,36047288.52,10770.03,1843851075.0,0.0114,21062618.0,1.71,19.55
StreamFlix,2025-Q4,StreamFlix_Digital,EMEA,Advertiser,advertiser,3433,,37667698.25,37667698.25,10972.24,2663910767.0,0.0112,29861830.0,1.26,14.14
StreamFlix,2026-Q1,StreamFlix_Digital,EMEA,Advertiser,advertiser,3288,,33742828.11,33742828.11,10262.42,2195369428.0,0.006,13172216.0,2.56,15.37
StreamFlix,2026-Q2,StreamFlix_Digital,EMEA,Advertiser,advertiser,3378,,27421410.46,27421410.46,8117.65,1276007932.0,0.0082,10507410.0,2.61,21.49
RideFlow,2025-Q2,RideFlow_Core,NA,Consumer_Standard,ad_supported,4517957,124240951.09,11421222.63,135662173.72,30.03,554428283.0,0.0054,3003015.0,3.8,20.6
RideFlow,2025-Q3,RideFlow_Core,NA,Consumer_Standard,ad_supported,4865466,130358952.36,8266468.1,138625420.46,28.49,254118294.0,0.0144,3659651.0,2.26,32.53
RideFlow,2025-Q4,RideFlow_Core,NA,Consumer_Standard,ad_supported,4526755,122557783.17,7519486.37,130077269.54,28.74,277062873.0,0.0064,1782456.0,4.22,27.14
RideFlow,2026-Q1,RideFlow_Core,NA,Consumer_Standard,ad_supported,4456445,121011375.28,8659151.24,129670526.52,29.1,506976068.0,0.0081,4119669.0,2.1,17.08
RideFlow,2026-Q2,RideFlow_Core,NA,Consumer_Standard,ad_supported,4662648,129407911.87,14895204.61,144303116.48,30.95,599163500.0,0.0112,6716826.0,2.22,24.86
RideFlow,2025-Q2,RideFlow_Core,NA,Consumer_Premium,subscription,4599940,237890769.47,,237890769.47,51.72,,,,,
RideFlow,2025-Q3,RideFlow_Core,NA,Consumer_Premium,subscription,4888241,245454557.89,,245454557.89,50.21,,,,,
RideFlow,2025-Q4,RideFlow_Core,NA,Consumer_Premium,subscription,4414676,228030068.66,,228030068.66,51.65,,,,,
RideFlow,2026-Q1,RideFlow_Core,NA,Consumer_Premium,subscription,4612223,230673008.38,,230673008.38,50.01,,,,,
RideFlow,2026-Q2,RideFlow_Core,NA,Consumer_Premium,subscription,4423171,227202017.03,,227202017.03,51.37,,,,,
RideFlow,2025-Q2,RideFlow_Core,NA,Enterprise_SMB,subscription,127897,196599392.74,,196599392.74,1537.17,,,,,
RideFlow,2025-Q3,RideFlow_Core,NA,Enterprise_SMB,subscription,124844,178722823.18,,178722823.18,1431.57,,,,,
RideFlow,2025-Q4,RideFlow_Core,NA,Enterprise_SMB,subscription,119076,173048242.3,,173048242.3,1453.26,,,,,
RideFlow,2026-Q1,RideFlow_Core,NA,Enterprise_SMB,subscription,121729,181907340.53,,181907340.53,1494.36,,,,,
RideFlow,2026-Q2,RideFlow_Core,NA,Enterprise_SMB,subscription,122276,180231079.99,,180231079.99,1473.97,,,,,
RideFlow,2025-Q2,RideFlow_Core,NA,Enterprise_Corp,subscription,24601,764644637.65,,764644637.65,31081.85,,,,,
RideFlow,2025-Q3,RideFlow_Core,NA,Enterprise_Corp,subscription,25551,769258263.75,,769258263.75,30106.78,,,,,
RideFlow,2025-Q4,RideFlow_Core,NA,Enterprise_Corp,subscription,24584,731899472.03,,731899472.03,29771.37,,,,,
RideFlow,2026-Q1,RideFlow_Core,NA,Enterprise_Corp,subscription,25263,771298600.88,,771298600.88,30530.76,,,,,
RideFlow,2026-Q2,RideFlow_Core,NA,Enterprise_Corp,subscription,24199,728921488.29,,728921488.29,30121.97,,,,,
RideFlow,2025-Q2,RideFlow_Core,NA,Advertiser,advertiser,2280,,8662078.95,8662078.95,3799.16,381421354.0,0.0213,8111347.0,1.07,22.71
RideFlow,2025-Q3,RideFlow_Core,NA,Advertiser,advertiser,2280,,10692638.49,10692638.49,4689.75,373346316.0,0.0135,5056121.0,2.11,28.64
RideFlow,2025-Q4,RideFlow_Core,NA,Advertiser,advertiser,2329,,24093696.25,24093696.25,10345.08,860796579.0,0.0149,12842396.0,1.88,27.99
RideFlow,2026-Q1,RideFlow_Core,NA,Advertiser,advertiser,2327,,34573129.35,34573129.35,14857.38,1000959159.0,0.011,10962538.0,3.15,34.54
RideFlow,2026-Q2,RideFlow_Core,NA,Advertiser,advertiser,2436,,84197167.89,84197167.89,34563.7,2379123139.0,0.0118,28091991.0,3.0,35.39
RideFlow,2025-Q2,RideFlow_Core,EMEA,Consumer_Standard,ad_supported,6065920,82920554.22,4129089.45,87049643.67,14.35,250399603.0,0.0147,3669149.0,1.13,16.49
RideFlow,2025-Q3,RideFlow_Core,EMEA,Consumer_Standard,ad_supported,6329882,85168267.12,7254198.34,92422465.46,14.6,615806311.0,0.0101,6206477.0,1.17,11.78
RideFlow,2025-Q4,RideFlow_Core,EMEA,Consumer_Standard,ad_supported,6368263,85384331.12,10204406.37,95588737.49,15.01,863316952.0,0.0114,9816967.0,1.04,11.82
RideFlow,2026-Q1,RideFlow_Core,EMEA,Consumer_Standard,ad_supported,6016575,83096411.09,7143616.76,90240027.85,15.0,550780012.0,0.0059,3230644.0,2.21,12.97
RideFlow,2026-Q2,RideFlow_Core,EMEA,Consumer_Standard,ad_supported,6383927,84686379.63,12072128.29,96758507.92,15.16,765997988.0,0.0167,12776192.0,0.94,15.76
RideFlow,2025-Q2,RideFlow_Core,EMEA,Consumer_Premium,subscription,2481842,86502781.93,,86502781.93,34.85,,,,,
RideFlow,2025-Q3,RideFlow_Core,EMEA,Consumer_Premium,subscription,2487279,89055145.65,,89055145.65,35.8,,,,,
RideFlow,2025-Q4,RideFlow_Core,EMEA,Consumer_Premium,subscription,2412733,85547466.88,,85547466.88,35.46,,,,,
RideFlow,2026-Q1,RideFlow_Core,EMEA,Consumer_Premium,subscription,2378111,86195519.43,,86195519.43,36.25,,,,,
RideFlow,2026-Q2,RideFlow_Core,EMEA,Consumer_Premium,subscription,2321154,78705690.95,,78705690.95,33.91,,,,,
RideFlow,2025-Q2,RideFlow_Core,EMEA,Enterprise_SMB,subscription,3414,3117444.62,,3117444.62,913.14,,,,,
RideFlow,2025-Q3,RideFlow_Core,EMEA,Enterprise_SMB,subscription,3388,3032983.35,,3032983.35,895.21,,,,,
RideFlow,2025-Q4,RideFlow_Core,EMEA,Enterprise_SMB,subscription,3432,3093494.23,,3093494.23,901.37,,,,,
RideFlow,2026-Q1,RideFlow_Core,EMEA,Enterprise_SMB,subscription,3285,2941412.25,,2941412.25,895.41,,,,,
RideFlow,2026-Q2,RideFlow_Core,EMEA,Enterprise_SMB,subscription,3574,3086354.61,,3086354.61,863.56,,,,,
RideFlow,2025-Q2,RideFlow_Core,EMEA,Enterprise_Corp,subscription,17786,525485861.62,,525485861.62,29544.92,,,,,
RideFlow,2025-Q3,RideFlow_Core,EMEA,Enterprise_Corp,subscription,16569,499626355.96,,499626355.96,30154.29,,,,,
RideFlow,2025-Q4,RideFlow_Core,EMEA,Enterprise_Corp,subscription,17619,498814607.71,,498814607.71,28311.18,,,,,
RideFlow,2026-Q1,RideFlow_Core,EMEA,Enterprise_Corp,subscription,18370,568166881.81,,568166881.81,30929.06,,,,,
RideFlow,2026-Q2,RideFlow_Core,EMEA,Enterprise_Corp,subscription,18770,565577706.61,,565577706.61,30132.0,,,,,
RideFlow,2025-Q2,RideFlow_Core,EMEA,Advertiser,advertiser,2361,,7120620.24,7120620.24,3015.93,513753264.0,0.0185,9522044.0,0.75,13.86
RideFlow,2025-Q3,RideFlow_Core,EMEA,Advertiser,advertiser,2374,,17103151.09,17103151.09,7204.36,662399345.0,0.0159,10517207.0,1.63,25.82
RideFlow,2025-Q4,RideFlow_Core,EMEA,Advertiser,advertiser,2410,,25891656.6,25891656.6,10743.43,1378682460.0,0.0137,18897775.0,1.37,18.78
RideFlow,2026-Q1,RideFlow_Core,EMEA,Advertiser,advertiser,2291,,6493935.95,6493935.95,2834.54,475050179.0,0.0195,9258428.0,0.7,13.67
RideFlow,2026-Q2,RideFlow_Core,EMEA,Advertiser,advertiser,2436,,20719665.24,20719665.24,8505.61,983839755.0,0.0158,15584882.0,1.33,21.06
RideFlow,2025-Q2,RideFlow_Digital,NA,Consumer_Standard,ad_supported,9305528,275669767.3,27412817.39,303082584.69,32.57,1125783055.0,0.0175,19674158.0,1.39,24.35
RideFlow,2025-Q3,RideFlow_Digital,NA,Consumer_Standard,ad_supported,9433663,264228572.61,18239026.26,282467598.87,29.94,778447557.0,0.0147,11453805.0,1.59,23.43
RideFlow,2025-Q4,RideFlow_Digital,NA,Consumer_Standard,ad_supported,8599680,257336127.25,11183788.92,268519916.17,31.22,518728614.0,0.0152,7902286.0,1.42,21.56
RideFlow,2026-Q1,RideFlow_Digital,NA,Consumer_Standard,ad_supported,9272284,278406761.0,16821121.25,295227882.25,31.84,800243637.0,0.008,6419121.0,2.62,21.02
RideFlow,2026-Q2,RideFlow_Digital,NA,Consumer_Standard,ad_supported,9469913,267143953.68,15092713.63,282236667.31,29.8,794771650.0,0.0135,10706498.0,1.41,18.99
RideFlow,2025-Q2,RideFlow_Digital,NA,Consumer_Premium,subscription,6070823,288662045.86,,288662045.86,47.55,,,,,
RideFlow,2025-Q3,RideFlow_Digital,NA,Consumer_Premium,subscription,6484423,320845944.99,,320845944.99,49.48,,,,,
RideFlow,2025-Q4,RideFlow_Digital,NA,Consumer_Premium,subscription,6313623,317900506.99,,317900506.99,50.35,,,,,
RideFlow,2026-Q1,RideFlow_Digital,NA,Consumer_Premium,subscription,6333008,301097461.22,,301097461.22,47.54,,,,,
RideFlow,2026-Q2,RideFlow_Digital,NA,Consumer_Premium,subscription,6829959,332053171.33,,332053171.33,48.62,,,,,
RideFlow,2025-Q2,RideFlow_Digital,NA,Enterprise_SMB,subscription,20400,21446466.8,,21446466.8,1051.3,,,,,
RideFlow,2025-Q3,RideFlow_Digital,NA,Enterprise_SMB,subscription,18942,19194717.8,,19194717.8,1013.34,,,,,
RideFlow,2025-Q4,RideFlow_Digital,NA,Enterprise_SMB,subscription,19552,19348590.37,,19348590.37,989.6,,,,,
RideFlow,2026-Q1,RideFlow_Digital,NA,Enterprise_SMB,subscription,19454,19736922.87,,19736922.87,1014.54,,,,,
RideFlow,2026-Q2,RideFlow_Digital,NA,Enterprise_SMB,subscription,20257,21164246.46,,21164246.46,1044.79,,,,,
RideFlow,2025-Q2,RideFlow_Digital,NA,Enterprise_Corp,subscription,15499,232939889.73,,232939889.73,15029.35,,,,,
RideFlow,2025-Q3,RideFlow_Digital,NA,Enterprise_Corp,subscription,15299,229509588.84,,229509588.84,15001.61,,,,,
RideFlow,2025-Q4,RideFlow_Digital,NA,Enterprise_Corp,subscription,15566,224621409.17,,224621409.17,14430.26,,,,,
RideFlow,2026-Q1,RideFlow_Digital,NA,Enterprise_Corp,subscription,15099,231262291.57,,231262291.57,15316.4,,,,,
RideFlow,2026-Q2,RideFlow_Digital,NA,Enterprise_Corp,subscription,15530,238964477.55,,238964477.55,15387.28,,,,,
RideFlow,2025-Q2,RideFlow_Digital,NA,Advertiser,advertiser,1534,,20129927.49,20129927.49,13122.51,563547802.0,0.0064,3611632.0,5.57,35.72
RideFlow,2025-Q3,RideFlow_Digital,NA,Advertiser,advertiser,1475,,33290053.16,33290053.16,22569.53,1492827496.0,0.0151,22500868.0,1.48,22.3
RideFlow,2025-Q4,RideFlow_Digital,NA,Advertiser,advertiser,1509,,18032360.07,18032360.07,11949.87,695692904.0,0.0112,7791526.0,2.31,25.92
RideFlow,2026-Q1,RideFlow_Digital,NA,Advertiser,advertiser,1444,,10337761.77,10337761.77,7159.11,392027371.0,0.0124,4861846.0,2.13,26.37
RideFlow,2026-Q2,RideFlow_Digital,NA,Advertiser,advertiser,1518,,24270889.21,24270889.21,15988.73,962748481.0,0.0197,19008421.0,1.28,25.21
RideFlow,2025-Q2,RideFlow_Digital,EMEA,Consumer_Standard,ad_supported,2085616,38032557.58,1822124.16,39854681.74,19.11,223848177.0,0.0125,2803917.0,0.65,8.14
RideFlow,2025-Q3,RideFlow_Digital,EMEA,Consumer_Standard,ad_supported,2135915,39780165.41,2775876.32,42556041.73,19.92,241380550.0,0.014,3376166.0,0.82,11.5
RideFlow,2025-Q4,RideFlow_Digital,EMEA,Consumer_Standard,ad_supported,1995266,36184359.33,3054529.35,39238888.68,19.67,173257479.0,0.0103,1781205.0,1.71,17.63
RideFlow,2026-Q1,RideFlow_Digital,EMEA,Consumer_Standard,ad_supported,1964502,34375540.94,1134099.3,35509640.24,18.08,90655420.0,0.0108,979988.0,1.16,12.51
RideFlow,2026-Q2,RideFlow_Digital,EMEA,Consumer_Standard,ad_supported,2204454,40781474.57,3411714.74,44193189.31,20.05,229590494.0,0.0114,2625801.0,1.3,14.86
RideFlow,2025-Q2,RideFlow_Digital,EMEA,Consumer_Premium,subscription,4561108,147006611.87,,147006611.87,32.23,,,,,
RideFlow,2025-Q3,RideFlow_Digital,EMEA,Consumer_Premium,subscription,4936979,156706523.62,,156706523.62,31.74,,,,,
RideFlow,2025-Q4,RideFlow_Digital,EMEA,Consumer_Premium,subscription,4714164,150333472.74,,150333472.74,31.89,,,,,
RideFlow,2026-Q1,RideFlow_Digital,EMEA,Consumer_Premium,subscription,4274979,135999708.15,,135999708.15,31.81,,,,,
RideFlow,2026-Q2,RideFlow_Digital,EMEA,Consumer_Premium,subscription,4724444,148992871.21,,148992871.21,31.54,,,,,
RideFlow,2025-Q2,RideFlow_Digital,EMEA,Enterprise_SMB,subscription,149703,57571322.77,,57571322.77,384.57,,,,,
RideFlow,2025-Q3,RideFlow_Digital,EMEA,Enterprise_SMB,subscription,149358,59209258.58,,59209258.58,396.43,,,,,
RideFlow,2025-Q4,RideFlow_Digital,EMEA,Enterprise_SMB,subscription,150685,59874883.81,,59874883.81,397.35,,,,,
RideFlow,2026-Q1,RideFlow_Digital,EMEA,Enterprise_SMB,subscription,155469,59871422.41,,59871422.41,385.1,,,,,
RideFlow,2026-Q2,RideFlow_Digital,EMEA,Enterprise_SMB,subscription,150999,61671515.23,,61671515.23,408.42,,,,,
RideFlow,2025-Q2,RideFlow_Digital,EMEA,Enterprise_Corp,subscription,7094,354158597.08,,354158597.08,49923.68,,,,,
RideFlow,2025-Q3,RideFlow_Digital,EMEA,Enterprise_Corp,subscription,7014,351927913.27,,351927913.27,50175.07,,,,,
RideFlow,2025-Q4,RideFlow_Digital,EMEA,Enterprise_Corp,subscription,7700,375812520.73,,375812520.73,48806.82,,,,,
RideFlow,2026-Q1,RideFlow_Digital,EMEA,Enterprise_Corp,subscription,6948,338784151.72,,338784151.72,48759.95,,,,,
RideFlow,2026-Q2,RideFlow_Digital,EMEA,Enterprise_Corp,subscription,7672,382135987.37,,382135987.37,49809.17,,,,,
RideFlow,2025-Q2,RideFlow_Digital,EMEA,Advertiser,advertiser,829,,10107937.16,10107937.16,12192.93,381431591.0,0.0131,4981266.0,2.03,26.5
RideFlow,2025-Q3,RideFlow_Digital,EMEA,Advertiser,advertiser,869,,3878297.41,3878297.41,4462.94,360771852.0,0.0107,3850845.0,1.01,10.75
RideFlow,2025-Q4,RideFlow_Digital,EMEA,Advertiser,advertiser,859,,2784825.62,2784825.62,3241.94,166357564.0,0.0121,2016343.0,1.38,16.74
RideFlow,2026-Q1,RideFlow_Digital,EMEA,Advertiser,advertiser,851,,1665418.41,1665418.41,1957.01,93668077.0,0.0075,704731.0,2.36,17.78
RideFlow,2026-Q2,RideFlow_Digital,EMEA,Advertiser,advertiser,860,,10244513.75,10244513.75,11912.23,508412593.0,0.0153,7792016.0,1.31,20.15
ApexMedia,2025-Q2,ApexMedia_Core,NA,Consumer_Standard,ad_supported,8773304,282195855.52,20816882.25,303012737.77,34.54,1123415124.0,0.0094,10530880.0,1.98,18.53
ApexMedia,2025-Q3,ApexMedia_Core,NA,Consumer_Standard,ad_supported,8707819,287358027.0,29438327.44,316796354.44,36.38,1096808027.0,0.0133,14598172.0,2.02,26.84
ApexMedia,2025-Q4,ApexMedia_Core,NA,Consumer_Standard,ad_supported,9476138,307018192.72,51874107.39,358892300.11,37.87,1474953295.0,0.0097,14332573.0,3.62,35.17
ApexMedia,2026-Q1,ApexMedia_Core,NA,Consumer_Standard,ad_supported,9469475,305122136.37,34448482.67,339570619.04,35.86,1166954020.0,0.008,9297581.0,3.71,29.52
ApexMedia,2026-Q2,ApexMedia_Core,NA,Consumer_Standard,ad_supported,9079564,299625612.0,19028062.27,318653674.27,35.1,846820751.0,0.0122,10292518.0,1.85,22.47
ApexMedia,2025-Q2,ApexMedia_Core,NA,Consumer_Premium,subscription,985646,46661731.86,,46661731.86,47.34,,,,,
ApexMedia,2025-Q3,ApexMedia_Core,NA,Consumer_Premium,subscription,972262,48409576.83,,48409576.83,49.79,,,,,
ApexMedia,2025-Q4,ApexMedia_Core,NA,Consumer_Premium,subscription,983872,46332693.22,,46332693.22,47.09,,,,,
ApexMedia,2026-Q1,ApexMedia_Core,NA,Consumer_Premium,subscription,969986,47858093.7,,47858093.7,49.34,,,,,
ApexMedia,2026-Q2,ApexMedia_Core,NA,Consumer_Premium,subscription,1010576,49210673.93,,49210673.93,48.7,,,,,
ApexMedia,2025-Q2,ApexMedia_Core,NA,Enterprise_SMB,subscription,104678,112128269.39,,112128269.39,1071.17,,,,,
ApexMedia,2025-Q3,ApexMedia_Core,NA,Enterprise_SMB,subscription,110634,121862499.18,,121862499.18,1101.49,,,,,
ApexMedia,2025-Q4,ApexMedia_Core,NA,Enterprise_SMB,subscription,103429,109142328.02,,109142328.02,1055.24,,,,,
ApexMedia,2026-Q1,ApexMedia_Core,NA,Enterprise_SMB,subscription,107455,120808434.18,,120808434.18,1124.27,,,,,
ApexMedia,2026-Q2,ApexMedia_Core,NA,Enterprise_SMB,subscription,99982,108536195.54,,108536195.54,1085.56,,,,,
ApexMedia,2025-Q2,ApexMedia_Core,NA,Enterprise_Corp,subscription,11187,363078949.09,,363078949.09,32455.43,,,,,
ApexMedia,2025-Q3,ApexMedia_Core,NA,Enterprise_Corp,subscription,11268,367678238.73,,367678238.73,32630.3,,,,,
ApexMedia,2025-Q4,ApexMedia_Core,NA,Enterprise_Corp,subscription,11201,369410017.39,,369410017.39,32980.09,,,,,
ApexMedia,2026-Q1,ApexMedia_Core,NA,Enterprise_Corp,subscription,11200,355915646.38,,355915646.38,31778.18,,,,,
ApexMedia,2026-Q2,ApexMedia_Core,NA,Enterprise_Corp,subscription,11718,393606528.29,,393606528.29,33589.91,,,,,
ApexMedia,2025-Q2,ApexMedia_Core,NA,Advertiser,advertiser,2510,,104395933.68,104395933.68,41592.01,3720453802.0,0.0099,36740194.0,2.84,28.06
ApexMedia,2025-Q3,ApexMedia_Core,NA,Advertiser,advertiser,2640,,119427345.5,119427345.5,45237.63,2779966143.0,0.0073,20412108.0,5.85,42.96
ApexMedia,2025-Q4,ApexMedia_Core,NA,Advertiser,advertiser,2567,,40096497.74,40096497.74,15619.98,1295106516.0,0.01,12973391.0,3.09,30.96
ApexMedia,2026-Q1,ApexMedia_Core,NA,Advertiser,advertiser,2641,,32449627.06,32449627.06,12286.87,1140584431.0,0.0188,21426286.0,1.51,28.45
ApexMedia,2026-Q2,ApexMedia_Core,NA,Advertiser,advertiser,2636,,19643998.19,19643998.19,7452.2,818159025.0,0.0169,13849185.0,1.42,24.01
ApexMedia,2025-Q2,ApexMedia_Core,EMEA,Consumer_Standard,ad_supported,7046410,143837013.01,14761836.83,158598849.84,22.51,1121720124.0,0.0139,15623264.0,0.94,13.16
ApexMedia,2025-Q3,ApexMedia_Core,EMEA,Consumer_Standard,ad_supported,7541736,161662206.14,8890660.07,170552866.21,22.61,480057239.0,0.0085,4096964.0,2.17,18.52
ApexMedia,2025-Q4,ApexMedia_Core,EMEA,Consumer_Standard,ad_supported,7171987,149155087.17,10384296.79,159539383.96,22.24,1142386886.0,0.0083,9516801.0,1.09,9.09
ApexMedia,2026-Q1,ApexMedia_Core,EMEA,Consumer_Standard,ad_supported,7343954,149296793.54,8089706.1,157386499.64,21.43,830565308.0,0.0077,6430053.0,1.26,9.74
ApexMedia,2026-Q2,ApexMedia_Core,EMEA,Consumer_Standard,ad_supported,7313537,157375464.9,11039322.41,168414787.31,23.03,1392096143.0,0.0127,17702906.0,0.62,7.93
ApexMedia,2025-Q2,ApexMedia_Core,EMEA,Consumer_Premium,subscription,5812872,183152327.74,,183152327.74,31.51,,,,,
ApexMedia,2025-Q3,ApexMedia_Core,EMEA,Consumer_Premium,subscription,5738287,174367437.52,,174367437.52,30.39,,,,,
ApexMedia,2025-Q4,ApexMedia_Core,EMEA,Consumer_Premium,subscription,6104074,187817367.64,,187817367.64,30.77,,,,,
ApexMedia,2026-Q1,ApexMedia_Core,EMEA,Consumer_Premium,subscription,6304292,199562466.9,,199562466.9,31.66,,,,,
ApexMedia,2026-Q2,ApexMedia_Core,EMEA,Consumer_Premium,subscription,6410962,205171048.84,,205171048.84,32.0,,,,,
ApexMedia,2025-Q2,ApexMedia_Core,EMEA,Enterprise_SMB,subscription,43938,74457751.8,,74457751.8,1694.61,,,,,
ApexMedia,2025-Q3,ApexMedia_Core,EMEA,Enterprise_SMB,subscription,44716,75474328.61,,75474328.61,1687.86,,,,,
ApexMedia,2025-Q4,ApexMedia_Core,EMEA,Enterprise_SMB,subscription,43339,72293027.64,,72293027.64,1668.08,,,,,
ApexMedia,2026-Q1,ApexMedia_Core,EMEA,Enterprise_SMB,subscription,42702,72573676.78,,72573676.78,1699.54,,,,,
ApexMedia,2026-Q2,ApexMedia_Core,EMEA,Enterprise_SMB,subscription,43799,72456074.2,,72456074.2,1654.29,,,,,
ApexMedia,2025-Q2,ApexMedia_Core,EMEA,Enterprise_Corp,subscription,12483,184843481.9,,184843481.9,14807.62,,,,,
ApexMedia,2025-Q3,ApexMedia_Core,EMEA,Enterprise_Corp,subscription,11716,176620619.23,,176620619.23,15075.16,,,,,
ApexMedia,2025-Q4,ApexMedia_Core,EMEA,Enterprise_Corp,subscription,11842,168905584.69,,168905584.69,14263.27,,,,,
ApexMedia,2026-Q1,ApexMedia_Core,EMEA,Enterprise_Corp,subscription,12501,182288760.29,,182288760.29,14581.93,,,,,
ApexMedia,2026-Q2,ApexMedia_Core,EMEA,Enterprise_Corp,subscription,11905,176121315.22,,176121315.22,14793.89,,,,,
ApexMedia,2025-Q2,ApexMedia_Core,EMEA,Advertiser,advertiser,4700,,59882700.14,59882700.14,12741.0,3848502580.0,0.0162,62251484.0,0.96,15.56
ApexMedia,2025-Q3,ApexMedia_Core,EMEA,Advertiser,advertiser,4816,,76921740.58,76921740.58,15972.12,3128171638.0,0.0154,48265998.0,1.59,24.59
ApexMedia,2025-Q4,ApexMedia_Core,EMEA,Advertiser,advertiser,4767,,24018259.54,24018259.54,5038.44,1637236506.0,0.0176,28894947.0,0.83,14.67
ApexMedia,2026-Q1,ApexMedia_Core,EMEA,Advertiser,advertiser,4557,,75017366.14,75017366.14,16462.01,3624027350.0,0.0113,40933436.0,1.83,20.7
ApexMedia,2026-Q2,ApexMedia_Core,EMEA,Advertiser,advertiser,4647,,36170078.54,36170078.54,7783.53,2480800997.0,0.0128,31638752.0,1.14,14.58
ApexMedia,2025-Q2,ApexMedia_Digital,NA,Consumer_Standard,ad_supported,13089483,252094820.87,36238618.42,288333439.29,22.03,1244885552.0,0.0057,7094745.0,5.11,29.11
ApexMedia,2025-Q3,ApexMedia_Digital,NA,Consumer_Standard,ad_supported,12454684,239896260.85,20678071.66,260574332.51,20.92,934813366.0,0.0148,13831012.0,1.5,22.12
ApexMedia,2025-Q4,ApexMedia_Digital,NA,Consumer_Standard,ad_supported,12501653,244565621.65,51972938.1,296538559.75,23.72,2155658984.0,0.0158,34059717.0,1.53,24.11
ApexMedia,2026-Q1,ApexMedia_Digital,NA,Consumer_Standard,ad_supported,12945613,261451467.08,19185704.59,280637171.67,21.68,934520438.0,0.0133,12396026.0,1.55,20.53
ApexMedia,2026-Q2,ApexMedia_Digital,NA,Consumer_Standard,ad_supported,11533676,214422763.75,37439612.97,251862376.72,21.84,1658822019.0,0.0126,20890656.0,1.79,22.57
ApexMedia,2025-Q2,ApexMedia_Digital,NA,Consumer_Premium,subscription,10194450,457857793.75,,457857793.75,44.91,,,,,
ApexMedia,2025-Q3,ApexMedia_Digital,NA,Consumer_Premium,subscription,9542823,445861380.38,,445861380.38,46.72,,,,,
ApexMedia,2025-Q4,ApexMedia_Digital,NA,Consumer_Premium,subscription,9309349,431996759.64,,431996759.64,46.4,,,,,
ApexMedia,2026-Q1,ApexMedia_Digital,NA,Consumer_Premium,subscription,9024876,433136018.76,,433136018.76,47.99,,,,,
ApexMedia,2026-Q2,ApexMedia_Digital,NA,Consumer_Premium,subscription,9327352,454319928.98,,454319928.98,48.71,,,,,
ApexMedia,2025-Q2,ApexMedia_Digital,NA,Enterprise_SMB,subscription,141513,115369553.73,,115369553.73,815.26,,,,,
ApexMedia,2025-Q3,ApexMedia_Digital,NA,Enterprise_SMB,subscription,138918,113675241.65,,113675241.65,818.29,,,,,
ApexMedia,2025-Q4,ApexMedia_Digital,NA,Enterprise_SMB,subscription,143328,114663859.2,,114663859.2,800.01,,,,,
ApexMedia,2026-Q1,ApexMedia_Digital,NA,Enterprise_SMB,subscription,141162,113428511.8,,113428511.8,803.53,,,,,
ApexMedia,2026-Q2,ApexMedia_Digital,NA,Enterprise_SMB,subscription,153016,124564821.29,,124564821.29,814.06,,,,,
ApexMedia,2025-Q2,ApexMedia_Digital,NA,Enterprise_Corp,subscription,276,5626880.4,,5626880.4,20387.25,,,,,
ApexMedia,2025-Q3,ApexMedia_Digital,NA,Enterprise_Corp,subscription,265,5308577.71,,5308577.71,20032.37,,,,,
ApexMedia,2025-Q4,ApexMedia_Digital,NA,Enterprise_Corp,subscription,280,5895063.17,,5895063.17,21053.8,,,,,
ApexMedia,2026-Q1,ApexMedia_Digital,NA,Enterprise_Corp,subscription,280,5866607.25,,5866607.25,20952.17,,,,,
ApexMedia,2026-Q2,ApexMedia_Digital,NA,Enterprise_Corp,subscription,284,5985185.08,,5985185.08,21074.6,,,,,
ApexMedia,2025-Q2,ApexMedia_Digital,NA,Advertiser,advertiser,1107,,36129490.76,36129490.76,32637.3,860430835.0,0.0092,7881364.0,4.58,41.99
ApexMedia,2025-Q3,ApexMedia_Digital,NA,Advertiser,advertiser,1052,,63318649.51,63318649.51,60188.83,1590920842.0,0.0168,26649147.0,2.38,39.8
ApexMedia,2025-Q4,ApexMedia_Digital,NA,Advertiser,advertiser,968,,22667394.63,22667394.63,23416.73,659702987.0,0.0061,4027664.0,5.63,34.36
ApexMedia,2026-Q1,ApexMedia_Digital,NA,Advertiser,advertiser,1013,,9934485.7,9934485.7,9806.99,390046553.0,0.0126,4909525.0,2.02,25.47
ApexMedia,2026-Q2,ApexMedia_Digital,NA,Advertiser,advertiser,1027,,17851349.35,17851349.35,17382.03,519841274.0,0.0115,5965778.0,2.99,34.34
ApexMedia,2025-Q2,ApexMedia_Digital,EMEA,Consumer_Standard,ad_supported,10284581,230046720.08,14859991.31,244906711.39,23.81,1317375116.0,0.0122,16079597.0,0.92,11.28
ApexMedia,2025-Q3,ApexMedia_Digital,EMEA,Consumer_Standard,ad_supported,10999713,253838215.67,24387174.69,278225390.36,25.29,2210985919.0,0.0069,15311541.0,1.59,11.03
ApexMedia,2025-Q4,ApexMedia_Digital,EMEA,Consumer_Standard,ad_supported,11168876,257019396.42,26286857.79,283306254.21,25.37,1782159850.0,0.0073,13030222.0,2.02,14.75
ApexMedia,2026-Q1,ApexMedia_Digital,EMEA,Consumer_Standard,ad_supported,11481218,268060780.44,13145765.59,281206546.03,24.49,1189662044.0,0.0107,12744075.0,1.03,11.05
ApexMedia,2026-Q2,ApexMedia_Digital,EMEA,Consumer_Standard,ad_supported,11037261,262245321.36,20456946.53,282702267.89,25.61,1689260655.0,0.0083,14072534.0,1.45,12.11
ApexMedia,2025-Q2,ApexMedia_Digital,EMEA,Consumer_Premium,subscription,6910471,234167578.45,,234167578.45,33.89,,,,,
ApexMedia,2025-Q3,ApexMedia_Digital,EMEA,Consumer_Premium,subscription,7005082,242608406.36,,242608406.36,34.63,,,,,
ApexMedia,2025-Q4,ApexMedia_Digital,EMEA,Consumer_Premium,subscription,7030130,229723666.67,,229723666.67,32.68,,,,,
ApexMedia,2026-Q1,ApexMedia_Digital,EMEA,Consumer_Premium,subscription,6584969,219867219.51,,219867219.51,33.39,,,,,
ApexMedia,2026-Q2,ApexMedia_Digital,EMEA,Consumer_Premium,subscription,6690989,217508602.36,,217508602.36,32.51,,,,,
ApexMedia,2025-Q2,ApexMedia_Digital,EMEA,Enterprise_SMB,subscription,36714,33596989.54,,33596989.54,915.1,,,,,
ApexMedia,2025-Q3,ApexMedia_Digital,EMEA,Enterprise_SMB,subscription,36918,35360285.12,,35360285.12,957.81,,,,,
ApexMedia,2025-Q4,ApexMedia_Digital,EMEA,Enterprise_SMB,subscription,37581,37117155.59,,37117155.59,987.66,,,,,
ApexMedia,2026-Q1,ApexMedia_Digital,EMEA,Enterprise_SMB,subscription,37544,34687350.27,,34687350.27,923.91,,,,,
ApexMedia,2026-Q2,ApexMedia_Digital,EMEA,Enterprise_SMB,subscription,37330,34960545.11,,34960545.11,936.53,,,,,
ApexMedia,2025-Q2,ApexMedia_Digital,EMEA,Enterprise_Corp,subscription,10650,728460000.0,,728460000.0,68400.0,,,,,
ApexMedia,2025-Q3,ApexMedia_Digital,EMEA,Enterprise_Corp,subscription,11048,729499125.1,,729499125.1,66029.97,,,,,
ApexMedia,2025-Q4,ApexMedia_Digital,EMEA,Enterprise_Corp,subscription,11261,770252400.0,,770252400.0,68400.0,,,,,
ApexMedia,2026-Q1,ApexMedia_Digital,EMEA,Enterprise_Corp,subscription,10645,728118000.0,,728118000.0,68400.0,,,,,
ApexMedia,2026-Q2,ApexMedia_Digital,EMEA,Enterprise_Corp,subscription,10317,686721502.31,,686721502.31,66562.13,,,,,
ApexMedia,2025-Q2,ApexMedia_Digital,EMEA,Advertiser,advertiser,941,,6062627.38,6062627.38,6442.75,393166497.0,0.0149,5865195.0,1.03,15.42
ApexMedia,2025-Q3,ApexMedia_Digital,EMEA,Advertiser,advertiser,894,,15269489.24,15269489.24,17079.97,851616801.0,0.0104,8838538.0,1.73,17.93
ApexMedia,2025-Q4,ApexMedia_Digital,EMEA,Advertiser,advertiser,939,,9665983.08,9665983.08,10293.91,669389410.0,0.0177,11881332.0,0.81,14.44
ApexMedia,2026-Q1,ApexMedia_Digital,EMEA,Advertiser,advertiser,966,,22953106.61,22953106.61,23760.98,923666262.0,0.0114,10505831.0,2.18,24.85
ApexMedia,2026-Q2,ApexMedia_Digital,EMEA,Advertiser,advertiser,927,,3513577.98,3513577.98,3790.27,165111747.0,0.0171,2827493.0,1.24,21.28
EnterpriseCloud,2025-Q2,EnterpriseCloud_Core,NA,Consumer_Standard,ad_supported,5384131,139436931.41,6335309.5,145772240.91,27.07,273309297.0,0.0086,2339822.0,2.71,23.18
EnterpriseCloud,2025-Q3,EnterpriseCloud_Core,NA,Consumer_Standard,ad_supported,5466838,146773412.0,10157513.03,156930925.03,28.71,394619776.0,0.0119,4680929.0,2.17,25.74
EnterpriseCloud,2025-Q4,EnterpriseCloud_Core,NA,Consumer_Standard,ad_supported,5126289,131823958.74,6591428.17,138415386.91,27.0,278471828.0,0.0073,2019971.0,3.26,23.67
EnterpriseCloud,2026-Q1,EnterpriseCloud_Core,NA,Consumer_Standard,ad_supported,5280488,138631950.18,3652130.15,142284080.33,26.95,147382169.0,0.0117,1728488.0,2.11,24.78
EnterpriseCloud,2026-Q2,EnterpriseCloud_Core,NA,Consumer_Standard,ad_supported,5239200,136626386.05,9984862.15,146611248.2,27.98,394035602.0,0.0121,4771423.0,2.09,25.34
EnterpriseCloud,2025-Q2,EnterpriseCloud_Core,NA,Consumer_Premium,subscription,264267,12654250.02,,12654250.02,47.88,,,,,
EnterpriseCloud,2025-Q3,EnterpriseCloud_Core,NA,Consumer_Premium,subscription,259006,12245701.17,,12245701.17,47.28,,,,,
EnterpriseCloud,2025-Q4,EnterpriseCloud_Core,NA,Consumer_Premium,subscription,275310,13744043.37,,13744043.37,49.92,,,,,
EnterpriseCloud,2026-Q1,EnterpriseCloud_Core,NA,Consumer_Premium,subscription,268684,13707063.4,,13707063.4,51.02,,,,,
EnterpriseCloud,2026-Q2,EnterpriseCloud_Core,NA,Consumer_Premium,subscription,262074,13704811.8,,13704811.8,52.29,,,,,
EnterpriseCloud,2025-Q2,EnterpriseCloud_Core,NA,Enterprise_SMB,subscription,177996,180560314.14,,180560314.14,1014.41,,,,,
EnterpriseCloud,2025-Q3,EnterpriseCloud_Core,NA,Enterprise_SMB,subscription,185672,186096298.67,,186096298.67,1002.29,,,,,
EnterpriseCloud,2025-Q4,EnterpriseCloud_Core,NA,Enterprise_SMB,subscription,191528,193651408.14,,193651408.14,1011.09,,,,,
EnterpriseCloud,2026-Q1,EnterpriseCloud_Core,NA,Enterprise_SMB,subscription,182155,178960887.67,,178960887.67,982.46,,,,,
EnterpriseCloud,2026-Q2,EnterpriseCloud_Core,NA,Enterprise_SMB,subscription,183076,183402583.56,,183402583.56,1001.78,,,,,
EnterpriseCloud,2025-Q2,EnterpriseCloud_Core,NA,Enterprise_Corp,subscription,825,46225237.98,,46225237.98,56030.59,,,,,
EnterpriseCloud,2025-Q3,EnterpriseCloud_Core,NA,Enterprise_Corp,subscription,840,42545704.55,,42545704.55,50649.65,,,,,
EnterpriseCloud,2025-Q4,EnterpriseCloud_Core,NA,Enterprise_Corp,subscription,827,43402043.58,,43402043.58,52481.31,,,,,
EnterpriseCloud,2026-Q1,EnterpriseCloud_Core,NA,Enterprise_Corp,subscription,863,45973370.81,,45973370.81,53271.58,,,,,
EnterpriseCloud,2026-Q2,EnterpriseCloud_Core,NA,Enterprise_Corp,subscription,867,44830905.45,,44830905.45,51708.08,,,,,
EnterpriseCloud,2025-Q2,EnterpriseCloud_Core,NA,Advertiser,advertiser,1771,,14797507.13,14797507.13,8355.45,430285174.0,0.0092,3978608.0,3.72,34.39
EnterpriseCloud,2025-Q3,EnterpriseCloud_Core,NA,Advertiser,advertiser,1870,,17552116.41,17552116.41,9386.16,1007006105.0,0.0171,17227085.0,1.02,17.43
EnterpriseCloud,2025-Q4,EnterpriseCloud_Core,NA,Advertiser,advertiser,1881,,14095189.75,14095189.75,7493.46,638369101.0,0.0155,9907547.0,1.42,22.08
EnterpriseCloud,2026-Q1,EnterpriseCloud_Core,NA,Advertiser,advertiser,1732,,12967108.8,12967108.8,7486.78,655235412.0,0.0168,10981985.0,1.18,19.79
EnterpriseCloud,2026-Q2,EnterpriseCloud_Core,NA,Advertiser,advertiser,1765,,11454125.88,11454125.88,6489.59,588296142.0,0.0086,5030988.0,2.28,19.47
EnterpriseCloud,2025-Q2,EnterpriseCloud_Core,EMEA,Consumer_Standard,ad_supported,5638609,82752872.87,1654250.69,84407123.56,14.97,172317780.0,0.0142,2442717.0,0.68,9.6
EnterpriseCloud,2025-Q3,EnterpriseCloud_Core,EMEA,Consumer_Standard,ad_supported,5581867,86535996.33,6064826.45,92600822.78,16.59,351584142.0,0.0093,3262346.0,1.86,17.25
EnterpriseCloud,2025-Q4,EnterpriseCloud_Core,EMEA,Consumer_Standard,ad_supported,5562528,86402499.49,2402992.47,88805491.96,15.96,158823032.0,0.01,1583698.0,1.52,15.13
EnterpriseCloud,2026-Q1,EnterpriseCloud_Core,EMEA,Consumer_Standard,ad_supported,5684010,88111268.37,2558535.54,90669803.91,15.95,190225691.0,0.0111,2115997.0,1.21,13.45
EnterpriseCloud,2026-Q2,EnterpriseCloud_Core,EMEA,Consumer_Standard,ad_supported,5758393,84846413.08,2610427.2,87456840.28,15.19,273057238.0,0.0124,3385632.0,0.77,9.56
EnterpriseCloud,2025-Q2,EnterpriseCloud_Core,EMEA,Consumer_Premium,subscription,3180191,117989841.78,,117989841.78,37.1,,,,,
EnterpriseCloud,2025-Q3,EnterpriseCloud_Core,EMEA,Consumer_Premium,subscription,3083046,105923238.22,,105923238.22,34.36,,,,,
EnterpriseCloud,2025-Q4,EnterpriseCloud_Core,EMEA,Consumer_Premium,subscription,2878520,103799427.71,,103799427.71,36.06,,,,,
EnterpriseCloud,2026-Q1,EnterpriseCloud_Core,EMEA,Consumer_Premium,subscription,3011247,105455365.98,,105455365.98,35.02,,,,,
EnterpriseCloud,2026-Q2,EnterpriseCloud_Core,EMEA,Consumer_Premium,subscription,3067346,111591232.16,,111591232.16,36.38,,,,,
EnterpriseCloud,2025-Q2,EnterpriseCloud_Core,EMEA,Enterprise_SMB,subscription,143361,61599923.8,,61599923.8,429.68,,,,,
EnterpriseCloud,2025-Q3,EnterpriseCloud_Core,EMEA,Enterprise_SMB,subscription,140216,59326602.62,,59326602.62,423.11,,,,,
EnterpriseCloud,2025-Q4,EnterpriseCloud_Core,EMEA,Enterprise_SMB,subscription,143181,60104634.62,,60104634.62,419.78,,,,,
EnterpriseCloud,2026-Q1,EnterpriseCloud_Core,EMEA,Enterprise_SMB,subscription,151125,63742845.6,,63742845.6,421.79,,,,,
EnterpriseCloud,2026-Q2,EnterpriseCloud_Core,EMEA,Enterprise_SMB,subscription,150180,60424161.75,,60424161.75,402.34,,,,,
EnterpriseCloud,2025-Q2,EnterpriseCloud_Core,EMEA,Enterprise_Corp,subscription,30261,422193574.87,,422193574.87,13951.74,,,,,
EnterpriseCloud,2025-Q3,EnterpriseCloud_Core,EMEA,Enterprise_Corp,subscription,30495,426283552.31,,426283552.31,13978.8,,,,,
EnterpriseCloud,2025-Q4,EnterpriseCloud_Core,EMEA,Enterprise_Corp,subscription,29120,390173999.63,,390173999.63,13398.83,,,,,
EnterpriseCloud,2026-Q1,EnterpriseCloud_Core,EMEA,Enterprise_Corp,subscription,30895,430269791.24,,430269791.24,13926.84,,,,,
EnterpriseCloud,2026-Q2,EnterpriseCloud_Core,EMEA,Enterprise_Corp,subscription,31182,431794859.37,,431794859.37,13847.57,,,,,
EnterpriseCloud,2025-Q2,EnterpriseCloud_Core,EMEA,Advertiser,advertiser,278,,593265.77,593265.77,2134.05,39683329.0,0.0154,609853.0,0.97,14.95
EnterpriseCloud,2025-Q3,EnterpriseCloud_Core,EMEA,Advertiser,advertiser,309,,911119.93,911119.93,2948.61,68505258.0,0.0144,988516.0,0.92,13.3
EnterpriseCloud,2025-Q4,EnterpriseCloud_Core,EMEA,Advertiser,advertiser,295,,744921.35,744921.35,2525.16,93115169.0,0.0156,1450787.0,0.51,8.0
EnterpriseCloud,2026-Q1,EnterpriseCloud_Core,EMEA,Advertiser,advertiser,292,,1449377.87,1449377.87,4963.62,89744760.0,0.0183,1644644.0,0.88,16.15
EnterpriseCloud,2026-Q2,EnterpriseCloud_Core,EMEA,Advertiser,advertiser,290,,561779.87,561779.87,1937.17,26828074.0,0.0095,254116.0,2.21,20.94
EnterpriseCloud,2025-Q2,EnterpriseCloud_Digital,NA,Consumer_Standard,ad_supported,1826958,44850231.82,3203494.83,48053726.65,26.3,112324503.0,0.0093,1047817.0,3.06,28.52
EnterpriseCloud,2025-Q3,EnterpriseCloud_Digital,NA,Consumer_Standard,ad_supported,1805188,43541947.31,2047432.48,45589379.79,25.25,102525412.0,0.0142,1457888.0,1.4,19.97
EnterpriseCloud,2025-Q4,EnterpriseCloud_Digital,NA,Consumer_Standard,ad_supported,1786792,41819493.68,1339512.36,43159006.04,24.15,54078012.0,0.0095,514593.0,2.6,24.77
EnterpriseCloud,2026-Q1,EnterpriseCloud_Digital,NA,Consumer_Standard,ad_supported,1815251,43372847.72,1145349.85,44518197.57,24.52,57875182.0,0.0108,626049.0,1.83,19.79
EnterpriseCloud,2026-Q2,EnterpriseCloud_Digital,NA,Consumer_Standard,ad_supported,1862172,44417753.57,2435595.13,46853348.7,25.16,90609938.0,0.0138,1252071.0,1.95,26.88
EnterpriseCloud,2025-Q2,EnterpriseCloud_Digital,NA,Consumer_Premium,subscription,2582068,144855056.61,,144855056.61,56.1,,,,,
EnterpriseCloud,2025-Q3,EnterpriseCloud_Digital,NA,Consumer_Premium,subscription,2598519,140441920.9,,140441920.9,54.05,,,,,
EnterpriseCloud,2025-Q4,EnterpriseCloud_Digital,NA,Consumer_Premium,subscription,2498099,136741395.59,,136741395.59,54.74,,,,,
EnterpriseCloud,2026-Q1,EnterpriseCloud_Digital,NA,Consumer_Premium,subscription,2593585,143151952.01,,143151952.01,55.19,,,,,
EnterpriseCloud,2026-Q2,EnterpriseCloud_Digital,NA,Consumer_Premium,subscription,2549023,145113790.19,,145113790.19,56.93,,,,,
EnterpriseCloud,2025-Q2,EnterpriseCloud_Digital,NA,Enterprise_SMB,subscription,72327,37874252.85,,37874252.85,523.65,,,,,
EnterpriseCloud,2025-Q3,EnterpriseCloud_Digital,NA,Enterprise_SMB,subscription,76013,37172079.96,,37172079.96,489.02,,,,,
EnterpriseCloud,2025-Q4,EnterpriseCloud_Digital,NA,Enterprise_SMB,subscription,73238,37454152.46,,37454152.46,511.4,,,,,
EnterpriseCloud,2026-Q1,EnterpriseCloud_Digital,NA,Enterprise_SMB,subscription,76026,39595002.08,,39595002.08,520.81,,,,,
EnterpriseCloud,2026-Q2,EnterpriseCloud_Digital,NA,Enterprise_SMB,subscription,74762,38629915.74,,38629915.74,516.71,,,,,
EnterpriseCloud,2025-Q2,EnterpriseCloud_Digital,NA,Enterprise_Corp,subscription,38638,3284147707.35,,3284147707.35,84997.87,,,,,
EnterpriseCloud,2025-Q3,EnterpriseCloud_Digital,NA,Enterprise_Corp,subscription,39583,3383501227.08,,3383501227.08,85478.65,,,,,
EnterpriseCloud,2025-Q4,EnterpriseCloud_Digital,NA,Enterprise_Corp,subscription,36985,3132956320.7,,3132956320.7,84708.84,,,,,
EnterpriseCloud,2026-Q1,EnterpriseCloud_Digital,NA,Enterprise_Corp,subscription,39634,3367114772.3,,3367114772.3,84955.21,,,,,
EnterpriseCloud,2026-Q2,EnterpriseCloud_Digital,NA,Enterprise_Corp,subscription,39220,3395968194.78,,3395968194.78,86587.66,,,,,
EnterpriseCloud,2025-Q2,EnterpriseCloud_Digital,NA,Advertiser,advertiser,1623,,6325559.92,6325559.92,3897.45,193501374.0,0.0208,4015194.0,1.58,32.69
EnterpriseCloud,2025-Q3,EnterpriseCloud_Digital,NA,Advertiser,advertiser,1632,,15057145.11,15057145.11,9226.19,481982878.0,0.0147,7090143.0,2.12,31.24
EnterpriseCloud,2025-Q4,EnterpriseCloud_Digital,NA,Advertiser,advertiser,1665,,21657245.74,21657245.74,13007.35,934710649.0,0.0173,16173002.0,1.34,23.17
EnterpriseCloud,2026-Q1,EnterpriseCloud_Digital,NA,Advertiser,advertiser,1699,,9137701.22,9137701.22,5378.28,367714335.0,0.019,7001060.0,1.31,24.85
EnterpriseCloud,2026-Q2,EnterpriseCloud_Digital,NA,Advertiser,advertiser,1659,,4548878.97,4548878.97,2741.94,155304847.0,0.006,931829.0,4.88,29.29
EnterpriseCloud,2025-Q2,EnterpriseCloud_Digital,EMEA,Consumer_Standard,ad_supported,1789118,26172015.48,1905291.79,28077307.27,15.69,130678449.0,0.0102,1326452.0,1.44,14.58
EnterpriseCloud,2025-Q3,EnterpriseCloud_Digital,EMEA,Consumer_Standard,ad_supported,1767214,26531480.18,1458085.1,27989565.28,15.84,123253178.0,0.0066,809573.0,1.8,11.83
EnterpriseCloud,2025-Q4,EnterpriseCloud_Digital,EMEA,Consumer_Standard,ad_supported,1759145,26177589.64,1488951.71,27666541.35,15.73,139807672.0,0.0102,1420772.0,1.05,10.65
EnterpriseCloud,2026-Q1,EnterpriseCloud_Digital,EMEA,Consumer_Standard,ad_supported,1742773,26478678.5,1371773.57,27850452.07,15.98,118562971.0,0.0166,1972311.0,0.7,11.57
EnterpriseCloud,2026-Q2,EnterpriseCloud_Digital,EMEA,Consumer_Standard,ad_supported,1755189,26799035.21,1019410.04,27818445.25,15.85,115317878.0,0.0095,1095305.0,0.93,8.84
EnterpriseCloud,2025-Q2,EnterpriseCloud_Digital,EMEA,Consumer_Premium,subscription,1635045,54271136.16,,54271136.16,33.19,,,,,
EnterpriseCloud,2025-Q3,EnterpriseCloud_Digital,EMEA,Consumer_Premium,subscription,1675782,57564643.41,,57564643.41,34.35,,,,,
EnterpriseCloud,2025-Q4,EnterpriseCloud_Digital,EMEA,Consumer_Premium,subscription,1774591,58741757.76,,58741757.76,33.1,,,,,
EnterpriseCloud,2026-Q1,EnterpriseCloud_Digital,EMEA,Consumer_Premium,subscription,1722954,55651591.71,,55651591.71,32.3,,,,,
EnterpriseCloud,2026-Q2,EnterpriseCloud_Digital,EMEA,Consumer_Premium,subscription,1708919,58437707.9,,58437707.9,34.2,,,,,
EnterpriseCloud,2025-Q2,EnterpriseCloud_Digital,EMEA,Enterprise_SMB,subscription,75835,87555750.31,,87555750.31,1154.56,,,,,
EnterpriseCloud,2025-Q3,EnterpriseCloud_Digital,EMEA,Enterprise_SMB,subscription,73683,80342819.72,,80342819.72,1090.38,,,,,
EnterpriseCloud,2025-Q4,EnterpriseCloud_Digital,EMEA,Enterprise_SMB,subscription,79649,93335700.06,,93335700.06,1171.84,,,,,
EnterpriseCloud,2026-Q1,EnterpriseCloud_Digital,EMEA,Enterprise_SMB,subscription,79069,88879582.73,,88879582.73,1124.08,,,,,
EnterpriseCloud,2026-Q2,EnterpriseCloud_Digital,EMEA,Enterprise_SMB,subscription,71861,76802308.16,,76802308.16,1068.76,,,,,
EnterpriseCloud,2025-Q2,EnterpriseCloud_Digital,EMEA,Enterprise_Corp,subscription,12422,720214935.21,,720214935.21,57978.98,,,,,
EnterpriseCloud,2025-Q3,EnterpriseCloud_Digital,EMEA,Enterprise_Corp,subscription,12966,768115453.66,,768115453.66,59240.74,,,,,
EnterpriseCloud,2025-Q4,EnterpriseCloud_Digital,EMEA,Enterprise_Corp,subscription,12975,773938400.34,,773938400.34,59648.43,,,,,
EnterpriseCloud,2026-Q1,EnterpriseCloud_Digital,EMEA,Enterprise_Corp,subscription,12918,745618219.77,,745618219.77,57719.32,,,,,
EnterpriseCloud,2026-Q2,EnterpriseCloud_Digital,EMEA,Enterprise_Corp,subscription,13389,756213615.51,,756213615.51,56480.22,,,,,
EnterpriseCloud,2025-Q2,EnterpriseCloud_Digital,EMEA,Advertiser,advertiser,389,,2568266.01,2568266.01,6602.23,105516270.0,0.0161,1698852.0,1.51,24.34
EnterpriseCloud,2025-Q3,EnterpriseCloud_Digital,EMEA,Advertiser,advertiser,364,,2346100.78,2346100.78,6445.33,132100269.0,0.0126,1669273.0,1.41,17.76
EnterpriseCloud,2025-Q4,EnterpriseCloud_Digital,EMEA,Advertiser,advertiser,338,,1253981.95,1253981.95,3710.01,76931408.0,0.0144,1107864.0,1.13,16.3
EnterpriseCloud,2026-Q1,EnterpriseCloud_Digital,EMEA,Advertiser,advertiser,378,,1063981.46,1063981.46,2814.77,66623761.0,0.0143,949782.0,1.12,15.97
EnterpriseCloud,2026-Q2,EnterpriseCloud_Digital,EMEA,Advertiser,advertiser,368,,1812493.64,1812493.64,4925.25,118000888.0,0.0179,2113911.0,0.86,15.36
